served_from,latency_ms
llm,1590
llm,1379
llm,23662
llm,18500
llm,5661
llm,997
cache,0
cache,0
cache,0
cache,0
llm,11312
llm,2963
cache,0
llm,15752
llm,3468
cache,0
cache,0
cache,0
cache,0
cache,0
cache,0
cache,0
cache,0
cache,0
llm,19536
cache,0
cache,0
llm,12618
cache,0
cache,0
cache,0
cache,0
cache,0
cache,0
cache,0
cache,0
cache,0
cache,0
cache,0
cache,0
cache,0
cache,0
cache,0
cache,0
cache,0
cache,0
cache,0
cache,0
cache,0
cache,0
cache,0
cache,0
cache,0
cache,0
cache,0
cache,0
cache,0
cache,0
cache,0
cache,0
cache,0
cache,0
llm,6983
cache,0
llm,20467
cache,0
llm,12668
cache,0
llm,948
llm,30356
llm,19470
cache,0
cache,0
cache,0
cache,0
cache,0
llm,13939
cache,0
llm,17574
cache,0
cache,0
cache,0
cache,0
llm,13156
cache,0
cache,0
cache,0
cache,0
cache,0
cache,0
cache,0
cache,0
cache,0
llm,19208
cache,0
cache,0
cache,0
cache,0
cache,0
cache,0
cache,0
cache,0
cache,0
cache,0
cache,0
cache,0
cache,0
cache,0
cache,0
cache,0
cache,0
cache,0
cache,0
cache,0
cache,0
cache,0
cache,0
cache,0
cache,0
cache,0
cache,0
cache,0
cache,0
cache,0
cache,0
cache,0
cache,0
cache,0
cache,0
cache,0
cache,0
cache,0
cache,0
cache,0
cache,0
cache,0
cache,0
cache,0
cache,0
cache,0
cache,0
cache,0
cache,0
cache,0
cache,0
cache,0
cache,0
cache,0
cache,0
cache,0
cache,0
cache,0
cache,0
cache,0
cache,0
cache,0
cache,0
cache,0
cache,0
cache,0
cache,0
cache,0
cache,0
cache,0
cache,0
cache,0
cache,0
cache,0
cache,0
cache,0
cache,0
cache,0
cache,0
cache,0
cache,0
cache,0
cache,0
cache,0
cache,0
cache,0
cache,0
cache,0
cache,0
cache,0
cache,0
cache,0
cache,0
cache,0
cache,0
cache,0
cache,0
cache,0
cache,0
cache,0
cache,0
cache,0
cache,0
cache,0
cache,0
cache,0
cache,0
cache,0
cache,0
cache,0
cache,0
cache,0
cache,0
cache,0
cache,0
cache,0
cache,0
cache,0
cache,0
cache,0
cache,0
cache,0
cache,0
cache,0
cache,0
cache,0
cache,0
cache,0
cache,0
cache,0
cache,0
cache,0
cache,0
cache,0
cache,0
cache,0
cache,0
cache,0
cache,0
cache,0
cache,0
cache,0
cache,0
cache,0
cache,0
cache,0
cache,0
cache,0
cache,0
cache,0
cache,0
cache,0
cache,0
cache,0
cache,0
cache,0
cache,0
cache,0
cache,0
cache,0
cache,0
cache,0
cache,0
cache,1
cache,0
cache,0
cache,0
cache,0
cache,0
cache,0
cache,0
cache,0
cache,0
cache,0
cache,0
cache,0
cache,0
cache,0
cache,0
cache,0
cache,0
cache,0
cache,0
cache,0
cache,0
cache,0
cache,1
cache,0
cache,0
cache,0
cache,0
cache,0
cache,0
cache,0
cache,0
cache,0
cache,0
cache,0
cache,0
cache,0
cache,0
cache,0
cache,0
cache,0
cache,0
cache,0
cache,0
cache,0
cache,0
cache,0
cache,0
cache,0
cache,0
cache,0
cache,0
cache,0
cache,0
cache,0
cache,0
cache,0
cache,0
cache,0
cache,0
cache,0
cache,0
cache,0
cache,0
cache,0
cache,0
cache,0
cache,0
cache,0
cache,0
cache,0
cache,0
cache,0
cache,0
cache,0
cache,0
cache,0
cache,0
cache,0
cache,0
cache,0
cache,0
cache,0
cache,0
cache,0
cache,0
cache,0
cache,0
cache,0
cache,0
cache,0
cache,0
cache,0
cache,0
cache,0
cache,0
cache,0
cache,0
cache,0
cache,0
cache,0
cache,0
cache,0
cache,0
cache,0
cache,0
cache,0
cache,0
cache,0
cache,0
cache,0
cache,0
cache,0
cache,0
cache,0
cache,0
cache,0
cache,0
cache,0
cache,0
cache,0
cache,0
cache,0
cache,0
cache,0
cache,0
cache,0
cache,0
cache,0
cache,0
cache,0
cache,0
cache,0
cache,0
cache,0
cache,0
cache,0
cache,0
cache,0
cache,1
cache,0
cache,0
cache,0
cache,0
cache,0
cache,0
cache,0
cache,0
cache,0
cache,0
cache,0
cache,0
cache,0
cache,0
cache,0
cache,0
cache,0
cache,0
cache,0
cache,0
cache,0
cache,0
cache,0
cache,0
cache,0
cache,0
cache,0
cache,0
cache,0
cache,0
cache,0
cache,0
cache,0
cache,0
cache,0
cache,0
cache,0
cache,0
cache,0
cache,0
cache,0
cache,0
cache,0
cache,0
cache,0
cache,0
cache,1
cache,0
cache,0
cache,0
cache,0
cache,0
cache,0
cache,0
cache,0
cache,0
cache,0
cache,0
cache,0
cache,0
cache,0
cache,0
cache,0
cache,0
cache,0
cache,0
cache,0
cache,0
cache,0
cache,0
cache,0
cache,0
cache,0
cache,0
cache,0
cache,0
cache,0
cache,0
cache,0
cache,0
cache,0
cache,0
cache,0
cache,0
cache,0
cache,0
cache,0
cache,0
cache,0
cache,0
cache,0
cache,0
cache,0
cache,0
cache,0
cache,0
cache,0
cache,0
cache,0
cache,0
cache,0
cache,0
cache,0
cache,0
cache,0
cache,0
cache,0
cache,0
cache,0
cache,0
cache,0
cache,0
cache,0
cache,0
cache,0
cache,0
cache,0
cache,0
cache,0
cache,0
cache,0
cache,0
cache,0
cache,0
cache,0
cache,0
cache,0
cache,0
cache,0
cache,0
cache,0
cache,0
cache,0
cache,0
cache,0
cache,0
cache,0
cache,0
cache,0
cache,0
cache,0
cache,0
cache,0
cache,0
cache,0
cache,0
cache,0
cache,0
cache,0
cache,0
cache,0
cache,0
cache,0
cache,0
cache,0
cache,0
cache,0
cache,0
cache,0
cache,0
cache,0
cache,0
cache,0
cache,0
cache,0
cache,0
cache,0
cache,0
cache,0
cache,0
cache,0
cache,0
cache,0
cache,0
cache,0
cache,0
cache,0
cache,0
cache,0
cache,0
cache,0
cache,0
cache,0
cache,0
cache,0
cache,0
cache,0
cache,0
cache,0
cache,0
cache,0
cache,0
cache,0
cache,0
cache,0
cache,0
cache,0
cache,0
cache,0
cache,0
cache,0
cache,0
cache,0
cache,0
cache,0
cache,0
cache,0
cache,1
cache,0
cache,0
cache,0
cache,0
cache,0
cache,0
cache,0
cache,0
cache,0
cache,0
cache,0
cache,0
cache,0
cache,0
cache,0
cache,0
cache,0
cache,0
cache,0
cache,0
cache,0
cache,0
cache,0
cache,0
cache,0
cache,0
cache,0
cache,0
cache,0
cache,0
cache,0
cache,0
cache,0
cache,0
cache,0
cache,0
cache,0
cache,0
cache,0
cache,0
cache,0
cache,0
cache,0
cache,0
cache,0
cache,0
cache,0
cache,0
cache,0
cache,0
cache,0
cache,0
cache,0
cache,0
cache,0
cache,0
cache,0
cache,0
cache,0
cache,0
cache,0
cache,0
cache,0
cache,0
cache,0
cache,0
cache,0
cache,0
cache,0
cache,0
cache,0
cache,0
cache,0
cache,0
cache,0
cache,0
cache,0
cache,0
cache,0
cache,0
cache,0
cache,0
cache,0
cache,0
cache,0
cache,0
cache,0
cache,0
cache,0
cache,0
cache,0
cache,0
cache,0
cache,0
cache,0
cache,0
cache,0
cache,0
cache,0
cache,0
cache,0
cache,0
cache,0
cache,0
cache,0
cache,0
cache,0
cache,0
cache,0
cache,0
cache,0
cache,0
cache,0
cache,0
cache,0
cache,0
cache,0
cache,0
cache,0
cache,0
cache,0
cache,0
cache,0
cache,0
cache,0
cache,0
cache,0
cache,0
cache,0
cache,0
cache,0
cache,0
cache,0
cache,0
cache,0
cache,0
cache,0
cache,0
cache,0
cache,0
cache,0
cache,0
cache,0
cache,0
cache,0
cache,0
cache,0
cache,0
cache,0
cache,0
cache,0
cache,0
cache,0
cache,0
cache,0
cache,0
cache,0
cache,0
cache,0
cache,0
cache,0
cache,0
cache,0
cache,0
cache,0
cache,0
cache,0
cache,0
cache,0
cache,0
cache,0
cache,0
cache,0
cache,0
cache,0
cache,0
cache,0
cache,0
cache,0
cache,0
cache,0
cache,0
cache,0
cache,0
cache,0
cache,0
cache,0
cache,0
cache,0
cache,0
cache,0
cache,0
cache,0
cache,0
cache,0
cache,0
cache,0
cache,0
cache,0
cache,0
cache,0
cache,0
cache,0
cache,0
cache,0
cache,0
cache,0
cache,0
cache,0
cache,0
cache,0
cache,0
cache,0
cache,0
cache,0
cache,0
cache,0
cache,0
cache,0
cache,0
cache,0
cache,0
cache,0
cache,0
cache,0
cache,0
cache,0
cache,0
cache,0
cache,0
cache,0
cache,0
cache,0
cache,0
cache,0
cache,0
cache,0
cache,0
cache,0
cache,0
cache,0
cache,0
cache,0
cache,0
cache,0
cache,0
cache,0
cache,0
cache,0
cache,0
cache,0
cache,0
cache,0
cache,0
cache,0
cache,0
cache,0
cache,0
cache,0
cache,0
cache,0
cache,0
cache,0
cache,0
cache,0
cache,2
cache,0
cache,0
cache,0
cache,0
cache,0
cache,0
cache,0
cache,0
cache,0
cache,0
cache,0
cache,0
cache,0
cache,0
cache,0
cache,0
cache,0
cache,0
cache,0
cache,0
cache,0
cache,0
cache,0
cache,0
cache,0
cache,0
cache,0
cache,0
cache,0
cache,0
cache,0
cache,0
cache,0
cache,0
cache,0
cache,0
cache,0
cache,0
cache,0
cache,0
cache,0
cache,0
cache,0
cache,0
cache,0
cache,0
cache,0
cache,0
cache,0
cache,0
cache,0
cache,0
cache,0
cache,0
cache,0
cache,0
cache,0
cache,0
cache,0
cache,0
cache,0
cache,0
cache,0
cache,0
cache,0
cache,0
cache,0
cache,0
cache,0
cache,0
cache,0
cache,0
cache,0
cache,0
cache,0
cache,0
cache,0
cache,0
cache,0
cache,0
cache,0
cache,0
cache,0
cache,0
cache,0
cache,0
cache,0
cache,0
cache,0
cache,0
cache,0
cache,0
cache,0
cache,0
cache,0
cache,0
cache,0
cache,0
cache,0
cache,0
cache,0
cache,0
cache,0
cache,0
cache,0
cache,0
cache,0
cache,0
cache,0
cache,0
cache,0
cache,0
cache,0
cache,0
cache,0
cache,0
cache,0
cache,0
cache,0
cache,0
cache,0
cache,0
cache,0
cache,0
cache,0
cache,0
cache,0
cache,0
cache,0
cache,0
cache,0
cache,0
cache,0
cache,0
cache,0
cache,0
cache,0
cache,0
cache,0
cache,0
cache,0
cache,0
cache,0
cache,0
cache,0
cache,0
cache,0
cache,0
cache,0
cache,0
cache,0
cache,0
cache,0
cache,0
cache,0
cache,0
cache,0
cache,0
cache,0
cache,0
cache,0
cache,0
cache,0
cache,0
cache,0
cache,0
cache,0
cache,0
cache,0
cache,0
cache,0
cache,0
cache,0
cache,0
cache,0
cache,0
cache,0
cache,0
cache,0
cache,0
cache,0
cache,0
cache,0
cache,0
cache,0
cache,0
cache,0
cache,0
cache,0
cache,0
cache,0
cache,0
cache,0
cache,0
cache,0
cache,0
cache,0
cache,0
cache,0
cache,0
cache,0
cache,0
cache,0
cache,0
cache,0
cache,0
cache,0
cache,0
cache,0
cache,0
cache,0
cache,0
cache,0
cache,0
cache,0
cache,0
cache,0
cache,0
cache,0
cache,0
cache,0
cache,0
cache,0
cache,0
cache,0
cache,0
cache,0
cache,0
cache,0
cache,0
cache,0
cache,0
cache,0
cache,0
cache,0
cache,0
cache,0
cache,0
cache,0
cache,0
cache,0
cache,0
cache,0
cache,0
cache,0
cache,0
cache,0
cache,0
cache,0
cache,0
cache,0
cache,0
cache,0
cache,0
cache,0
cache,0
cache,0
cache,0
cache,0
cache,0
cache,0
cache,0
cache,0
cache,0
cache,0
cache,0
cache,0
cache,0
cache,0
cache,0
cache,0
cache,0
cache,0
cache,0
cache,0
cache,0
cache,0
cache,0
cache,0
cache,0
cache,0
cache,0
cache,0
cache,0
cache,0
cache,0
cache,0
cache,0
cache,0
cache,0
cache,0
cache,0
cache,0
cache,0
cache,0
cache,0
cache,0
cache,0
cache,0
cache,0
cache,0
cache,0
cache,0
cache,0
cache,0
cache,0
cache,0
cache,0
cache,0
cache,0
cache,0
cache,0
cache,0
cache,0
cache,0
cache,0
cache,0
cache,0
cache,0
cache,0
cache,0
cache,0
cache,0
cache,0
cache,0
cache,0
cache,0
cache,0
cache,0
cache,0
cache,0
cache,0
cache,0
cache,0
cache,0
cache,0
cache,0
cache,0
cache,0
cache,0
cache,0
cache,0
cache,0
cache,0
cache,0
cache,0
cache,0
cache,0
cache,0
cache,0
cache,0
cache,0
cache,0
cache,0
cache,0
cache,0
cache,0
cache,0
cache,0
cache,0
cache,0
cache,0
cache,0
cache,0
cache,0
cache,0
cache,0
cache,0
cache,0
cache,0
cache,0
cache,0
cache,0
cache,0
cache,0
cache,0
cache,0
cache,0
cache,0
cache,0
cache,0
cache,0
cache,0
cache,0
cache,0
cache,0
cache,0
cache,0
cache,0
cache,0
cache,0
cache,0
cache,0
cache,0
cache,0
cache,0
cache,0
cache,0
cache,0
cache,0
cache,0
cache,0
cache,0
cache,0
cache,0
cache,0
cache,0
cache,0
cache,0
cache,0
cache,0
cache,0
cache,0
cache,0
cache,0
cache,0
cache,0
cache,0
cache,0
cache,0
cache,0
cache,0
cache,0
cache,0
cache,0
cache,0
cache,0
cache,0
cache,0
cache,0
cache,0
cache,0
cache,0
cache,0
cache,0
cache,0
cache,0
cache,0
cache,0
cache,0
cache,0
cache,0
cache,0
cache,0
cache,0
cache,0
cache,0
cache,0
cache,0
cache,0
cache,0
cache,0
cache,0
cache,0
cache,0
cache,0
cache,0
cache,0
cache,0
cache,0
cache,0
cache,0
cache,0
cache,0
cache,0
cache,0
cache,0
cache,0
cache,0
cache,0
cache,0
cache,0
cache,0
cache,0
cache,0
cache,0
cache,0
cache,0
cache,0
cache,0
cache,0
cache,0
cache,0
cache,0
cache,0
cache,0
cache,0
cache,0
cache,0
cache,0
cache,0
cache,0
cache,0
cache,0
cache,0
cache,0
cache,0
cache,0
cache,0
cache,0
cache,0
cache,0
cache,0
cache,0
cache,0
cache,0
cache,0
cache,0
cache,0
cache,0
cache,0
cache,0
cache,0
cache,0
cache,0
cache,0
cache,0
cache,0
cache,0
cache,0
cache,0
cache,0
cache,0
cache,0
cache,0
cache,0
cache,0
cache,0
cache,0
cache,0
cache,0
cache,0
cache,0
cache,0
cache,0
cache,0
cache,0
cache,0
cache,0
cache,0
cache,0
cache,0
cache,0
cache,0
cache,0
cache,0
cache,0
cache,0
cache,0
cache,0
cache,0
cache,0
cache,0
cache,0
cache,0
cache,0
cache,0
cache,0
cache,0
cache,0
cache,0
cache,0
cache,0
cache,0
cache,0
cache,0
cache,0
cache,0
cache,0
cache,0
cache,0
cache,0
cache,0
cache,0
cache,0
cache,0
cache,0
cache,0
cache,0
cache,0
cache,1
cache,0
cache,0
cache,0
cache,0
cache,0
cache,0
cache,0
cache,0
cache,0
cache,0
cache,0
cache,0
cache,0
cache,0
cache,0
cache,0
cache,0
cache,0
cache,0
cache,0
cache,0
cache,0
cache,0
cache,0
cache,0
cache,0
cache,0
cache,1
cache,0
cache,0
cache,0
cache,0
cache,0
cache,0
cache,0
cache,0
cache,0
cache,0
cache,0
cache,0
cache,0
cache,0
cache,0
cache,0
cache,0
cache,0
cache,0
cache,0
cache,0
cache,0
cache,0
cache,0
cache,0
cache,0
cache,0
cache,0
cache,0
cache,0
cache,0
cache,0
cache,0
cache,0
cache,0
cache,0
cache,0
cache,0
cache,0
cache,0
cache,0
cache,0
cache,0
cache,0
cache,0
cache,0
cache,0
cache,0
cache,0
cache,0
cache,0
cache,0
cache,0
cache,0
cache,0
cache,0
cache,0
cache,0
cache,0
cache,0
cache,0
cache,0
cache,0
cache,0
cache,0
cache,0
cache,0
cache,0
cache,0
cache,0
cache,0
cache,0
cache,0
cache,0
cache,0
cache,0
cache,0
cache,0
cache,0
cache,0
cache,0
cache,0
cache,0
cache,0
cache,0
cache,0
cache,0
cache,0
cache,0
cache,0
cache,0
cache,0
cache,0
cache,0
cache,0
cache,0
cache,0
cache,0
cache,0
cache,0
cache,0
cache,0
cache,0
cache,0
cache,0
cache,0
cache,0
cache,0
cache,0
cache,0
cache,0
cache,0
cache,0
cache,0
cache,0
cache,0
cache,0
cache,0
cache,0
cache,0
cache,0
cache,0
cache,0
cache,0
cache,0
cache,0
cache,0
cache,0
cache,0
cache,0
cache,0
cache,0
cache,0
cache,0
cache,0
cache,0
cache,0
cache,0
cache,0
cache,0
cache,0
cache,0
cache,0
cache,0
cache,0
cache,0
cache,0
cache,0
cache,0
cache,0
cache,0
cache,0
cache,0
cache,0
cache,0
cache,0
cache,0
cache,0
cache,0
cache,0
cache,0
cache,0
cache,0
cache,0
cache,0
cache,0
cache,0
cache,0
cache,0
cache,0
cache,0
cache,0
cache,0
cache,0
cache,0
cache,0
cache,0
cache,0
cache,0
cache,0
cache,0
cache,0
cache,0
cache,0
cache,0
cache,0
cache,0
cache,0
cache,0
cache,0
cache,0
cache,0
cache,0
cache,0
cache,0
cache,0
cache,0
cache,0
cache,0
cache,0
cache,0
cache,0
cache,0
cache,0
cache,0
cache,0
cache,0
cache,0
cache,0
cache,0
cache,0
cache,0
cache,0
cache,0
cache,0
cache,0
cache,0
cache,0
cache,0
cache,0
cache,0
cache,0
cache,0
cache,0
cache,0
cache,0
cache,0
cache,0
cache,0
cache,0
cache,0
cache,0
cache,0
cache,0
cache,0
cache,0
cache,0
cache,0
cache,0
cache,0
cache,0
cache,0
cache,0
cache,0
cache,0
cache,3
cache,0
cache,0
cache,0
cache,0
cache,0
cache,0
cache,0
cache,0
cache,0
cache,0
cache,0
cache,0
cache,0
cache,0
cache,0
cache,0
cache,0
cache,0
cache,0
cache,0
cache,0
cache,0
cache,0
cache,0
cache,0
cache,0
cache,0
cache,0
cache,0
cache,0
cache,0
cache,0
cache,0
cache,0
cache,0
cache,0
cache,0
cache,0
cache,0
cache,0
cache,0
cache,0
cache,0
cache,0
cache,0
cache,0
cache,0
cache,0
cache,0
cache,0
cache,0
cache,0
cache,0
cache,0
cache,0
cache,0
cache,0
cache,0
cache,0
cache,0
cache,0
cache,0
cache,0
cache,0
cache,0
cache,0
cache,0
cache,0
cache,0
cache,0
cache,0
cache,0
cache,0
cache,0
cache,0
cache,0
cache,0
cache,0
cache,0
cache,0
cache,0
cache,0
cache,0
cache,0
cache,0
cache,0
cache,0
cache,0
cache,0
cache,0
cache,0
cache,0
cache,0
cache,0
cache,0
cache,0
cache,0
cache,0
cache,0
cache,0
cache,0
cache,0
cache,0
cache,0
cache,0
cache,0
cache,0
cache,0
cache,0
cache,0
cache,0
cache,0
cache,0
cache,0
cache,0
cache,0
cache,0
cache,0
cache,0
cache,0
cache,0
cache,0
cache,0
cache,0
cache,0
cache,0
cache,0
cache,0
cache,0
cache,0
cache,0
cache,0
cache,0
cache,0
cache,0
cache,0
cache,0
cache,0
cache,0
cache,0
cache,0
cache,0
cache,0
cache,0
cache,0
cache,0
cache,0
cache,0
cache,0
cache,0
cache,0
cache,0
cache,0
cache,0
cache,0
cache,0
cache,0
cache,0
cache,0
cache,0
cache,0
cache,0
cache,0
cache,0
cache,0
cache,0
cache,0
cache,0
cache,0
cache,0
cache,0
cache,0
cache,0
cache,0
cache,0
cache,0
cache,0
cache,0
cache,0
cache,0
cache,0
cache,0
cache,0
cache,0
cache,0
cache,0
cache,0
cache,0
cache,0
cache,0
cache,0
cache,0
cache,0
cache,0
cache,0
cache,0
cache,0
cache,0
cache,0
cache,0
cache,0
cache,0
cache,0
cache,0
cache,0
cache,0
cache,0
cache,0
cache,0
cache,0
cache,0
cache,0
cache,0
cache,0
cache,0
cache,0
cache,0
cache,0
cache,0
cache,0
cache,0
cache,0
cache,0
cache,0
cache,0
cache,0
cache,0
cache,0
cache,0
cache,0
cache,0
cache,0
cache,0
cache,0
cache,0
cache,0
cache,0
cache,0
cache,0
cache,0
cache,0
cache,0
cache,0
cache,0
cache,0
cache,0
cache,0
cache,0
cache,0
cache,0
cache,0
cache,0
cache,0
cache,0
cache,0
cache,0
cache,0
cache,0
cache,0
cache,0
cache,0
cache,0
cache,0
cache,0
cache,0
cache,0
cache,0
cache,0
cache,0
cache,0
cache,0
cache,0
cache,0
cache,0
cache,0
cache,0
cache,0
cache,0
cache,0
cache,0
cache,0
cache,0
cache,0
cache,0
cache,0
cache,0
cache,0
cache,0
cache,0
cache,0
cache,0
cache,0
cache,0
cache,0
cache,0
cache,0
cache,0
cache,0
cache,0
cache,0
cache,0
cache,0
cache,0
cache,0
cache,0
cache,0
cache,0
cache,0
cache,0
cache,0
cache,0
cache,0
cache,0
cache,0
cache,0
cache,0
cache,0
cache,0
cache,0
cache,0
cache,0
cache,0
cache,0
cache,0
cache,0
cache,0
cache,0
cache,0
cache,0
cache,0
cache,0
cache,0
cache,0
cache,0
cache,0
cache,0
cache,0
cache,0
cache,0
cache,0
cache,0
cache,0
cache,0
cache,0
cache,0
cache,0
cache,0
cache,0
cache,0
cache,0
cache,0
cache,0
cache,0
cache,0
cache,0
cache,0
cache,0
cache,0
cache,0
cache,0
cache,0
cache,0
cache,0
cache,0
cache,0
cache,0
cache,0
cache,0
cache,0
cache,0
cache,0
cache,0
cache,0
cache,0
cache,0
cache,0
cache,0
cache,0
cache,0
cache,0
cache,0
cache,0
cache,0
cache,0
cache,0
cache,0
cache,0
cache,0
cache,0
cache,0
cache,0
cache,0
cache,0
cache,0
cache,0
cache,0
cache,0
cache,0
cache,0
cache,0
cache,0
cache,0
cache,0
cache,0
cache,0
cache,0
cache,0
cache,0
cache,0
cache,0
cache,0
cache,0
cache,0
cache,0
cache,0
cache,0
cache,0
cache,0
cache,0
cache,0
cache,0
cache,0
cache,0
cache,0
cache,0
cache,0
cache,0
cache,0
cache,0
cache,0
cache,0
cache,0
cache,0
cache,0
cache,0
cache,0
cache,0
cache,0
cache,0
cache,0
cache,0
cache,0
cache,0
cache,0
cache,0
cache,0
cache,0
cache,0
cache,0
cache,0
cache,0
cache,0
cache,0
cache,0
cache,0
cache,0
cache,0
cache,0
cache,0
cache,0
cache,0
cache,0
cache,0
cache,0
cache,0
cache,0
cache,0
cache,0
cache,0
cache,0
cache,0
cache,0
cache,0
cache,0
cache,0
cache,0
cache,0
cache,0
cache,0
cache,0
cache,0
cache,0
cache,0
cache,0
cache,0
cache,0
cache,0
cache,0
cache,0
cache,0
cache,0
cache,0
cache,0
cache,0
cache,0
cache,0
cache,0
cache,0
cache,0
cache,0
cache,0
cache,0
cache,0
cache,0
cache,0
cache,0
cache,0
cache,0
cache,0
cache,0
cache,0
cache,0
cache,0
cache,0
cache,0
cache,0
cache,0
cache,0
cache,0
cache,0
cache,0
cache,0
cache,0
cache,0
cache,0
cache,0
cache,0
cache,0
cache,0
cache,0
cache,0
cache,0
cache,0
cache,0
cache,0
cache,0
cache,0
cache,0
cache,0
cache,0
cache,0
cache,0
cache,0
cache,0
cache,0
cache,0
cache,0
cache,0
cache,0
cache,0
cache,0
cache,0
cache,0
cache,0
cache,0
cache,0
cache,0
cache,0
cache,0
cache,0
cache,0
cache,0
cache,0
cache,0
cache,0
cache,0
cache,0
cache,0
cache,0
cache,0
cache,0
cache,0
cache,0
cache,0
cache,0
cache,0
cache,0
cache,0
cache,0
cache,0
cache,0
cache,0
cache,0
cache,0
cache,0
cache,0
cache,0
cache,0
cache,0
cache,0
cache,0
cache,0
cache,0
cache,0
cache,0
cache,0
cache,0
cache,0
cache,0
cache,0
cache,0
cache,0
cache,0
cache,0
cache,0
cache,0
cache,0
cache,0
cache,0
cache,0
cache,0
cache,0
cache,0
cache,0
cache,0
cache,0
cache,0
cache,0
cache,0
cache,0
cache,0
cache,0
cache,0
cache,0
cache,0
cache,0
cache,0
cache,0
cache,0
cache,0
cache,0
cache,0
cache,0
cache,0
cache,0
cache,0
cache,0
cache,0
cache,0
cache,0
cache,0
cache,0
cache,0
cache,0
cache,0
cache,0
cache,0
cache,0
cache,0
cache,0
cache,0
cache,0
cache,0
cache,0
cache,0
cache,0
cache,0
cache,0
cache,0
cache,0
cache,0
cache,0
cache,0
cache,0
cache,0
cache,0
cache,0
cache,0
cache,0
cache,0
cache,0
cache,0
cache,0
cache,0
cache,0
cache,0
cache,0
cache,0
cache,0
cache,0
cache,0
cache,0
cache,0
cache,0
cache,0
cache,0
cache,0
cache,0
cache,0
cache,0
cache,0
cache,0
cache,0
cache,0
cache,0
cache,0
cache,0
cache,0
cache,0
cache,0
cache,0
cache,0
cache,0
cache,0
cache,0
cache,0
cache,0
cache,0
cache,0
cache,0
cache,0
cache,0
cache,0
cache,0
cache,0
cache,0
cache,0
cache,0
cache,0
cache,0
cache,0
cache,0
cache,0
cache,0
cache,0
cache,0
cache,0
cache,0
cache,0
cache,0
cache,0
cache,0
cache,0
cache,0
cache,0
cache,0
cache,0
cache,0
cache,0
cache,0
cache,0
cache,0
cache,0
cache,0
cache,0
cache,0
cache,0
cache,0
cache,0
cache,0
cache,0
cache,0
cache,0
cache,0
cache,0
cache,0
cache,0
cache,0
cache,0
cache,0
cache,0
cache,0
cache,0
cache,0
cache,0
cache,0
cache,0
cache,0
cache,0
cache,0
cache,0
cache,0
cache,0
cache,0
cache,0
cache,0
cache,0
cache,0
cache,0
cache,0
cache,0
cache,0
cache,0
cache,0
cache,0
cache,0
cache,0
cache,0
cache,0
cache,0
cache,0
cache,0
cache,0
cache,0
cache,0
cache,0
cache,0
cache,0
cache,0
cache,0
cache,0
cache,0
cache,0
cache,0
cache,0
cache,0
cache,0
cache,0
cache,0
cache,0
cache,0
cache,0
cache,0
cache,0
cache,0
cache,0
cache,0
cache,0
cache,1
cache,0
cache,0
cache,0
cache,0
cache,0
cache,0
cache,0
cache,0
cache,0
cache,0
cache,0
cache,0
cache,0
cache,0
cache,0
cache,0
cache,0
cache,0
cache,0
cache,0
cache,0
cache,0
cache,0
cache,0
cache,0
cache,0
cache,0
cache,0
cache,0
cache,0
cache,0
cache,0
cache,0
cache,0
cache,0
cache,0
cache,0
cache,0
cache,0
cache,0
cache,0
cache,0
cache,0
cache,0
cache,0
cache,0
cache,0
cache,0
cache,0
cache,0
cache,0
cache,0
cache,0
cache,0
cache,0
cache,0
cache,0
cache,0
cache,0
cache,0
cache,0
cache,0
cache,0
cache,0
cache,0
cache,0
cache,0
cache,0
cache,0
cache,0
cache,0
cache,0
cache,0
cache,0
cache,0
cache,0
cache,0
cache,0
cache,0
cache,0
cache,0
cache,0
cache,0
cache,0
cache,0
cache,0
cache,0
cache,0
cache,0
cache,0
cache,0
cache,0
cache,0
cache,0
cache,0
cache,0
cache,0
cache,0
cache,0
cache,0
cache,0
cache,0
cache,0
cache,0
cache,0
cache,0
cache,0
cache,0
cache,0
cache,0
cache,0
cache,0
cache,0
cache,0
cache,0
cache,0
cache,0
cache,0
cache,0
cache,0
cache,0
cache,0
cache,0
cache,0
cache,0
cache,0
cache,0
cache,0
cache,0
cache,0
cache,0
cache,0
cache,0
cache,0
cache,0
cache,0
cache,0
cache,0
cache,0
cache,0
cache,0
cache,0
cache,0
cache,0
cache,0
cache,0
cache,0
cache,0
cache,0
cache,0
cache,0
cache,0
cache,0
cache,0
cache,0
cache,0
cache,0
cache,0
cache,0
cache,0
cache,0
cache,0
cache,0
cache,0
cache,0
cache,0
cache,0
cache,0
cache,0
cache,0
cache,0
cache,0
cache,0
cache,0
cache,0
cache,0
cache,0
cache,0
cache,0
cache,0
cache,0
cache,0
cache,0
cache,0
cache,0
cache,0
cache,0
cache,0
cache,0
cache,0
cache,0
cache,0
cache,0
cache,0
cache,0
cache,0
cache,0
cache,0
cache,0
cache,0
cache,0
cache,0
cache,0
cache,0
cache,0
cache,0
cache,0
cache,0
cache,0
cache,0
cache,0
cache,0
cache,0
cache,0
cache,0
cache,0
cache,0
cache,0
cache,0
cache,0
cache,0
cache,0
cache,0
cache,0
cache,0
cache,0
cache,0
cache,0
cache,0
cache,0
cache,0
cache,0
cache,0
cache,0
cache,0
cache,0
cache,0
cache,0
cache,0
cache,0
cache,0
cache,0
cache,0
cache,0
cache,0
cache,0
cache,0
cache,0
cache,0
cache,0
cache,0
cache,0
cache,0
cache,0
cache,0
cache,0
cache,0
cache,0
cache,0
cache,0
cache,0
cache,0
cache,0
cache,0
cache,0
cache,0
cache,0
cache,0
cache,0
cache,0
cache,0
cache,0
cache,0
cache,0
cache,0
cache,0
cache,0
cache,0
cache,0
cache,0
cache,0
cache,0
cache,0
cache,0
cache,0
cache,0
cache,0
cache,0
cache,0
cache,0
cache,0
cache,0
cache,0
cache,0
cache,0
cache,0
cache,0
cache,0
cache,0
cache,0
cache,0
cache,0
cache,0
cache,0
cache,0
cache,0
cache,0
cache,0
cache,0
cache,0
cache,0
cache,0
cache,0
cache,0
cache,0
cache,0
cache,0
cache,0
cache,0
cache,0
cache,0
cache,0
cache,0
cache,0
cache,0
cache,0
cache,0
cache,0
cache,0
cache,0
cache,0
cache,0
cache,0
cache,0
cache,0
cache,0
cache,0
cache,0
cache,0
cache,0
cache,0
cache,0
cache,0
cache,0
cache,0
cache,0
cache,0
cache,0
cache,0
cache,0
cache,0
cache,0
cache,0
cache,0
cache,0
cache,0
cache,0
cache,0
cache,0
cache,0
cache,0
cache,0
cache,0
cache,0
cache,0
cache,0
cache,0
cache,0
cache,0
cache,0
cache,0
cache,0
cache,0
cache,0
cache,0
cache,0
cache,0
cache,0
cache,0
cache,0
cache,0
cache,0
cache,0
cache,0
cache,0
cache,0
cache,0
cache,0
cache,0
cache,0
cache,0
cache,0
cache,0
cache,0
cache,0
cache,0
cache,0
cache,0
cache,0
cache,0
cache,0
cache,0
cache,0
cache,0
cache,0
cache,0
cache,0
cache,0
cache,0
cache,0
cache,0
cache,0
cache,0
cache,0
cache,0
cache,0
cache,0
cache,0
cache,0
cache,0
cache,0
cache,0
cache,0
cache,0
cache,0
cache,0
cache,0
cache,0
cache,0
cache,0
cache,0
cache,0
cache,0
cache,0
cache,0
cache,0
cache,0
cache,0
cache,0
cache,0
cache,0
cache,0
cache,0
cache,0
cache,0
cache,0
cache,0
cache,0
cache,0
cache,0
cache,0
cache,0
cache,0
cache,0
cache,0
cache,0
cache,0
cache,0
cache,0
cache,0
cache,0
cache,0
cache,0
cache,0
cache,0
cache,0
cache,0
cache,0
cache,0
cache,0
cache,0
cache,0
cache,0
cache,0
cache,0
cache,0
cache,0
cache,0
cache,0
cache,0
cache,0
cache,0
cache,0
cache,0
cache,0
cache,0
cache,0
cache,0
cache,0
cache,0
cache,0
cache,0
cache,0
cache,0
cache,0
cache,0
cache,0
cache,0
cache,0
cache,0
cache,0
cache,0
cache,0
cache,0
cache,0
cache,0
cache,0
cache,0
cache,0
cache,0
cache,0
cache,0
cache,0
cache,0
cache,0
cache,0
cache,0
cache,0
cache,0
cache,0
cache,0
cache,0
cache,0
cache,0
cache,0
cache,0
cache,0
cache,0
cache,0
cache,0
cache,0
cache,0
cache,0
cache,0
cache,0
cache,0
cache,0
cache,0
cache,0
cache,0
cache,0
cache,0
cache,0
cache,0
cache,0
cache,0
cache,0
cache,0
cache,0
cache,0
cache,0
cache,0
cache,0
cache,0
cache,0
cache,0
cache,0
cache,0
cache,0
cache,0
cache,0
cache,0
cache,0
cache,0
cache,0
cache,0
cache,0
cache,0
cache,0
cache,0
cache,0
cache,0
cache,0
cache,0
cache,0
cache,0
cache,0
cache,0
cache,0
cache,0
cache,0
cache,0
cache,0
cache,0
cache,0
cache,0
cache,0
cache,0
cache,0
cache,0
cache,0
cache,0
cache,0
cache,0
cache,0
cache,0
cache,0
cache,0
cache,0
cache,0
cache,0
cache,0
cache,0
cache,0
cache,0
cache,0
cache,0
cache,0
cache,0
cache,0
cache,0
cache,0
cache,0
cache,0
cache,0
cache,0
cache,0
cache,0
cache,0
cache,0
cache,0
cache,0
cache,0
cache,0
cache,0
cache,0
cache,0
cache,0
cache,0
cache,0
cache,0
cache,0
cache,0
cache,0
cache,0
cache,0
cache,0
cache,0
cache,0
cache,0
cache,0
cache,0
cache,0
cache,0
cache,0
cache,0
cache,0
cache,0
cache,0
cache,0
cache,0
cache,0
cache,0
cache,0
cache,0
cache,0
cache,0
cache,0
cache,0
cache,0
cache,0
cache,0
cache,0
cache,0
cache,0
cache,0
cache,0
cache,0
cache,0
cache,0
cache,0
cache,0
cache,0
cache,0
cache,0
cache,0
cache,0
cache,0
cache,0
cache,0
cache,0
cache,0
cache,0
cache,0
cache,0
cache,0
cache,0
cache,0
cache,0
cache,0
cache,0
cache,0
cache,0
cache,0
cache,0
cache,0
cache,0
cache,0
cache,0
cache,0
cache,0
cache,0
cache,0
cache,0
cache,0
cache,0
cache,0
cache,0
cache,0
cache,0
cache,0
cache,0
cache,0
cache,0
cache,0
cache,0
cache,0
cache,0
cache,0
cache,0
cache,0
cache,0
cache,0
cache,0
cache,0
cache,0
cache,0
cache,0
cache,0
cache,0
cache,0
cache,0
cache,0
cache,0
cache,0
cache,0
cache,0
cache,0
cache,0
cache,0
cache,0
cache,0
cache,0
cache,0
cache,0
cache,0
cache,0
cache,0
cache,0
cache,0
cache,0
cache,0
cache,0
cache,0
cache,0
cache,0
cache,0
cache,0
cache,0
cache,0
cache,0
cache,0
cache,0
cache,0
cache,0
cache,0
cache,0
cache,0
cache,0
cache,0
cache,0
cache,0
cache,0
cache,0
cache,0
cache,0
cache,0
cache,0
cache,0
cache,0
cache,0
cache,0
cache,0
cache,0
cache,0
cache,0
cache,0
cache,0
cache,0
cache,0
cache,0
cache,0
cache,0
cache,0
cache,0
cache,0
cache,0
cache,0
cache,0
cache,0
cache,0
cache,0
cache,0
cache,0
cache,0
cache,0
cache,0
cache,0
cache,0
cache,0
cache,0
cache,0
cache,0
cache,0
cache,0
cache,0
cache,0
cache,0
cache,0
cache,0
cache,0
cache,0
cache,0
cache,0
cache,0
cache,0
cache,0
cache,0
cache,0
cache,0
cache,0
cache,0
cache,0
cache,0
cache,0
cache,0
cache,0
cache,0
cache,0
cache,0
cache,0
cache,0
cache,0
cache,0
cache,0
cache,0
cache,0
cache,0
cache,0
cache,0
cache,0
cache,0
cache,0
cache,0
cache,0
cache,0
cache,0
cache,0
cache,0
cache,0
cache,0
cache,0
cache,0
cache,0
cache,0
cache,0
cache,0
cache,0
cache,0
cache,0
cache,0
cache,0
cache,0
cache,0
cache,0
cache,0
cache,0
cache,0
cache,0
cache,0
cache,0
cache,0
cache,0
cache,0
cache,0
cache,0
cache,0
cache,0
cache,0
cache,0
cache,0
cache,0
cache,0
cache,0
cache,0
cache,0
cache,0
cache,0
cache,0
cache,0
cache,0
cache,0
cache,0
cache,0
cache,0
cache,0
cache,0
cache,0
cache,0
cache,0
cache,0
cache,0
cache,0
cache,0
cache,0
cache,0
llm,13555
cache,0
cache,0
cache,0
cache,0
cache,0
cache,0
cache,0
cache,0
cache,0
cache,0
cache,0
llm,16577
cache,0
cache,0
cache,0
llm,24570
llm,807
cache,0
cache,0
cache,0
cache,0
cache,0
cache,0
cache,0
cache,0
cache,0
cache,0
llm,7401
cache,0
cache,0
cache,0
cache,0
cache,0
cache,0
llm,15770
cache,0
cache,0
cache,0
cache,0
cache,0
llm,24910
cache,0
llm,6207
cache,0
cache,0
cache,3
cache,0
cache,0
llm,31247
cache,0
cache,0
cache,0
cache,0
cache,0
cache,0
cache,0
cache,0
cache,0
cache,0
cache,0
cache,0
cache,0
cache,0
cache,0
cache,0
llm,4998
cache,0
cache,0
cache,0
cache,0
cache,0
cache,0
cache,0
cache,0
cache,0
cache,0
cache,0
cache,0
cache,0
cache,0
cache,0
cache,0
cache,0
cache,0
cache,0
cache,0
cache,0
cache,0
cache,0
cache,0
cache,0
cache,0
cache,0
cache,0
cache,0
cache,0
cache,0
cache,0
cache,0
cache,0
cache,0
cache,0
cache,0
cache,0
cache,0
cache,0
cache,0
cache,0
cache,0
cache,0
cache,0
cache,0
cache,0
cache,0
cache,0
cache,0
cache,0
cache,0
cache,0
cache,0
cache,0
cache,0
cache,0
cache,0
cache,0
cache,0
cache,0
cache,0
cache,0
cache,0
cache,0
cache,0
cache,0
cache,0
cache,0
cache,0
cache,0
cache,0
cache,0
cache,0
cache,0
cache,0
cache,0
cache,0
cache,0
cache,0
cache,0
cache,0
cache,0
cache,0
cache,0
cache,0
cache,0
cache,0
cache,0
cache,0
cache,0
cache,0
cache,0
cache,0
cache,0
cache,0
cache,0
cache,0
cache,0
cache,0
cache,0
cache,0
cache,0
cache,0
cache,0
cache,0
cache,0
cache,0
cache,0
cache,0
cache,0
cache,0
cache,0
cache,0
cache,0
cache,0
cache,0
cache,0
cache,0
cache,0
cache,0
cache,0
cache,0
cache,0
cache,0
cache,0
cache,0
cache,0
cache,0
cache,0
cache,0
cache,0
cache,0
cache,0
cache,0
cache,0
cache,0
cache,0
cache,0
cache,0
cache,0
cache,0
cache,0
cache,0
cache,0
cache,0
cache,0
cache,0
cache,0
cache,0
cache,0
cache,0
cache,0
cache,0
cache,0
cache,0
cache,0
cache,0
cache,0
cache,0
cache,0
cache,0
cache,0
cache,0
cache,0
cache,0
cache,0
cache,0
cache,0
cache,0
cache,0
cache,0
cache,0
cache,0
cache,0
cache,0
cache,0
cache,0
cache,0
cache,0
cache,0
cache,0
cache,0
cache,0
cache,0
cache,0
cache,0
cache,0
cache,0
cache,0
cache,0
cache,0
cache,0
cache,0
cache,0
cache,0
cache,0
cache,0
cache,0
cache,0
cache,0
cache,0
cache,0
cache,0
cache,0
cache,0
cache,0
cache,0
cache,0
cache,0
cache,0
cache,0
cache,0
cache,0
cache,0
cache,0
cache,0
cache,0
cache,0
cache,0
cache,0
cache,0
cache,0
cache,0
cache,0
cache,0
cache,0
cache,0
cache,0
cache,0
cache,0
cache,0
cache,0
cache,0
cache,0
cache,0
cache,0
cache,0
cache,0
cache,0
cache,0
cache,0
cache,0
cache,0
cache,0
cache,0
cache,0
cache,0
cache,0
cache,0
cache,0
cache,0
cache,0
cache,0
cache,0
cache,0
cache,0
cache,0
cache,0
cache,0
cache,0
cache,0
cache,0
cache,0
cache,0
cache,0
cache,0
cache,0
cache,0
cache,0
cache,0
cache,0
cache,0
cache,0
cache,0
cache,0
cache,0
cache,0
cache,0
cache,0
cache,0
cache,0
cache,0
cache,0
cache,0
cache,0
cache,0
cache,0
cache,0
cache,0
cache,0
cache,0
cache,0
cache,0
cache,0
cache,0
cache,0
cache,0
cache,0
cache,0
cache,0
cache,0
cache,0
cache,0
cache,0
cache,0
cache,0
cache,0
cache,0
cache,0
cache,0
cache,0
cache,0
cache,0
cache,0
cache,0
cache,0
cache,0
cache,0
cache,0
cache,0
cache,0
cache,0
cache,0
cache,0
cache,0
cache,0
cache,0
cache,0
cache,0
cache,0
cache,0
cache,0
cache,0
cache,0
cache,0
cache,0
cache,0
cache,0
cache,0
cache,0
cache,0
cache,0
cache,0
cache,0
cache,0
cache,0
cache,0
cache,0
cache,0
cache,0
cache,0
cache,0
cache,0
cache,0
cache,0
cache,0
cache,0
cache,0
cache,0
cache,0
cache,0
cache,0
cache,0
cache,0
cache,0
cache,0
cache,0
cache,0
cache,0
cache,0
cache,0
cache,0
cache,0
cache,0
cache,0
cache,0
cache,0
cache,0
cache,0
cache,0
cache,0
cache,0
cache,0
cache,0
cache,0
cache,0
cache,0
cache,0
cache,0
cache,0
cache,0
cache,0
cache,0
cache,0
cache,0
cache,0
cache,0
cache,0
cache,0
cache,0
cache,0
cache,0
cache,0
cache,0
cache,0
cache,0
cache,0
cache,0
cache,0
cache,0
cache,0
cache,0
cache,0
cache,0
cache,0
cache,0
cache,0
cache,0
cache,0
cache,0
cache,0
cache,0
cache,0
cache,0
cache,0
cache,0
cache,0
cache,0
cache,0
cache,0
cache,0
cache,0
cache,0
cache,0
cache,0
cache,3
cache,0
cache,0
cache,0
cache,0
cache,0
cache,0
cache,0
cache,0
cache,0
cache,0
cache,0
cache,0
cache,0
cache,0
cache,0
cache,0
cache,0
cache,0
cache,0
cache,0
cache,0
cache,0
cache,0
cache,0
cache,0
cache,0
cache,0
cache,0
cache,0
cache,0
cache,0
cache,0
cache,0
cache,0
cache,0
cache,0
cache,0
cache,0
cache,0
cache,0
cache,0
cache,0
cache,0
cache,0
cache,0
cache,0
cache,0
cache,0
cache,0
cache,0
cache,0
cache,0
cache,0
cache,0
cache,0
cache,0
cache,0
cache,0
cache,0
cache,0
cache,0
cache,0
cache,0
cache,0
cache,0
cache,0
cache,0
cache,0
cache,0
cache,0
cache,0
cache,0
cache,0
cache,0
cache,0
cache,0
cache,0
cache,0
cache,0
cache,0
cache,0
cache,0
cache,0
cache,0
cache,0
cache,0
cache,0
cache,0
cache,0
cache,0
cache,0
cache,0
cache,0
cache,0
cache,0
cache,0
cache,0
cache,0
cache,0
cache,0
cache,0
cache,0
cache,0
cache,0
cache,0
cache,0
cache,0
cache,0
cache,0
cache,0
cache,0
cache,0
cache,0
cache,0
cache,0
cache,0
cache,0
cache,0
cache,0
cache,0
cache,0
cache,0
cache,0
cache,0
cache,0
cache,0
cache,0
cache,0
cache,0
cache,0
cache,0
cache,0
cache,0
cache,0
cache,0
cache,0
cache,0
cache,0
cache,0
cache,0
cache,0
cache,0
cache,0
cache,0
cache,0
cache,0
cache,0
cache,0
cache,0
cache,0
cache,0
cache,0
cache,0
cache,0
cache,0
cache,0
cache,0
cache,0
cache,0
cache,0
cache,0
cache,0
cache,0
cache,0
cache,0
cache,0
cache,0
cache,0
cache,0
cache,0
cache,0
cache,0
cache,0
cache,0
cache,0
cache,0
cache,0
cache,0
cache,0
cache,0
cache,0
cache,0
cache,0
cache,0
cache,0
cache,0
cache,0
cache,0
cache,0
cache,0
cache,0
cache,1
cache,0
cache,0
cache,0
cache,0
cache,0
cache,0
cache,0
cache,0
cache,0
cache,0
cache,0
cache,0
cache,0
cache,0
cache,0
cache,0
cache,0
cache,0
cache,0
cache,0
cache,0
cache,0
cache,0
cache,0
cache,0
cache,0
cache,0
cache,0
cache,0
cache,0
cache,0
cache,0
cache,0
cache,0
cache,0
cache,0
cache,0
cache,0
cache,0
cache,0
cache,0
cache,0
cache,0
cache,0
cache,0
cache,0
cache,0
cache,0
cache,0
cache,0
cache,0
cache,0
cache,0
cache,0
cache,0
cache,0
cache,0
cache,0
cache,0
cache,0
cache,0
cache,0
cache,0
cache,0
cache,0
cache,0
cache,0
cache,0
cache,0
cache,0
cache,0
cache,0
cache,0
cache,0
cache,0
cache,0
cache,0
cache,0
cache,0
cache,0
cache,0
cache,0
cache,0
cache,0
cache,0
cache,0
cache,0
cache,0
cache,0
cache,0
cache,0
cache,0
cache,0
cache,0
cache,0
cache,0
cache,0
cache,0
cache,0
cache,0
cache,0
cache,0
cache,0
cache,0
cache,0
cache,0
cache,0
cache,0
cache,0
cache,0
cache,0
cache,0
cache,0
cache,0
cache,0
cache,0
cache,0
cache,0
cache,0
cache,0
cache,0
cache,0
cache,0
cache,0
cache,0
cache,0
cache,0
cache,0
cache,0
cache,0
cache,0
cache,0
cache,0
cache,0
cache,0
cache,0
cache,0
cache,0
cache,0
cache,0
cache,0
cache,0
cache,0
cache,0
cache,0
cache,0
cache,0
cache,0
cache,0
cache,0
cache,0
cache,0
cache,0
cache,0
cache,0
cache,0
cache,0
cache,0
cache,0
cache,0
cache,0
cache,0
cache,0
cache,0
cache,0
cache,0
cache,0
cache,0
cache,0
cache,0
cache,0
cache,0
cache,0
cache,0
cache,0
cache,0
cache,0
cache,0
cache,0
cache,0
cache,0
cache,0
cache,0
cache,0
cache,0
cache,0
cache,0
cache,0
cache,0
cache,0
cache,0
cache,0
cache,0
cache,0
cache,0
cache,0
cache,0
cache,0
cache,0
cache,0
cache,0
cache,0
cache,0
cache,0
cache,0
cache,0
cache,0
cache,0
cache,0
cache,0
cache,0
cache,0
cache,0
cache,0
cache,0
cache,0
cache,0
cache,0
cache,0
cache,0
cache,0
cache,0
cache,0
cache,0
cache,0
cache,0
cache,0
cache,0
cache,0
cache,0
cache,0
cache,0
cache,0
cache,0
cache,0
cache,0
cache,0
cache,0
cache,0
cache,0
cache,0
cache,0
cache,0
cache,0
cache,0
cache,0
cache,0
cache,0
cache,0
cache,0
cache,0
cache,0
cache,0
cache,0
cache,0
cache,0
cache,0
cache,0
cache,0
cache,0
cache,0
cache,0
cache,0
cache,0
cache,0
cache,0
cache,0
cache,0
cache,0
cache,0
cache,0
cache,0
cache,0
cache,0
cache,0
cache,0
cache,0
cache,0
cache,0
cache,0
cache,0
cache,0
cache,0
cache,0
cache,0
cache,0
cache,0
cache,0
cache,0
cache,0
cache,0
cache,0
cache,0
cache,0
cache,0
cache,0
cache,0
cache,0
cache,0
cache,0
cache,0
cache,0
cache,0
cache,0
cache,0
cache,0
cache,0
cache,0
cache,0
cache,0
cache,0
cache,0
cache,0
cache,0
cache,0
cache,0
cache,0
cache,0
cache,0
cache,0
cache,0
cache,0
cache,0
cache,0
cache,0
cache,0
cache,0
cache,0
cache,0
cache,0
cache,0
cache,0
cache,0
cache,0
cache,0
cache,0
cache,0
cache,0
cache,0
cache,0
cache,0
cache,0
cache,0
cache,0
cache,0
cache,0
cache,0
cache,0
cache,0
cache,0
cache,0
cache,0
cache,0
cache,0
cache,0
cache,0
cache,0
cache,0
cache,0
cache,0
cache,0
cache,0
cache,0
cache,0
cache,0
cache,0
cache,0
cache,0
cache,0
cache,0
cache,0
cache,0
cache,0
cache,0
cache,0
cache,0
cache,0
cache,0
cache,0
cache,0
cache,0
cache,0
cache,0
cache,0
cache,0
cache,0
cache,0
cache,0
cache,0
cache,0
cache,0
cache,0
cache,0
cache,0
cache,0
cache,0
cache,0
cache,0
cache,0
cache,0
cache,0
cache,0
cache,0
cache,0
cache,0
cache,0
cache,0
cache,0
cache,0
cache,0
cache,0
cache,0
cache,0
cache,0
cache,0
cache,0
cache,0
cache,0
cache,0
cache,0
cache,0
cache,0
cache,0
cache,0
cache,0
cache,0
cache,0
cache,0
cache,0
cache,0
cache,0
cache,0
cache,0
cache,0
cache,0
cache,0
cache,0
cache,0
cache,0
cache,0
cache,0
cache,0
cache,0
cache,0
cache,0
cache,0
cache,0
cache,0
cache,0
cache,0
cache,0
cache,0
cache,0
cache,0
cache,0
cache,0
cache,0
cache,0
cache,0
cache,0
cache,0
cache,0
cache,0
cache,0
cache,0
cache,0
cache,0
cache,0
cache,0
cache,0
cache,0
cache,0
cache,0
cache,0
cache,0
cache,0
cache,0
cache,0
cache,0
cache,0
cache,0
cache,0
cache,0
cache,0
cache,0
cache,0
cache,0
cache,0
cache,0
cache,0
cache,0
cache,0
cache,0
cache,0
cache,0
cache,0
cache,0
cache,0
cache,0
cache,0
cache,0
cache,0
cache,0
cache,0
cache,0
cache,0
cache,0
cache,0
cache,0
cache,0
cache,0
cache,0
cache,0
cache,0
cache,0
cache,0
cache,0
cache,0
cache,0
cache,0
cache,0
cache,0
cache,0
cache,0
cache,0
cache,0
cache,0
cache,0
cache,0
cache,0
cache,0
cache,0
cache,0
cache,0
cache,0
cache,0
cache,0
cache,0
cache,0
cache,0
cache,0
cache,0
cache,0
cache,0
cache,0
cache,0
cache,0
cache,0
cache,0
cache,0
cache,0
cache,0
cache,0
cache,0
cache,0
cache,0
cache,0
cache,0
cache,0
cache,0
cache,0
cache,0
cache,0
cache,0
cache,0
cache,0
cache,0
cache,0
cache,0
cache,0
cache,0
cache,0
cache,0
cache,0
cache,0
cache,0
cache,0
cache,0
cache,0
cache,0
cache,0
cache,0
cache,0
cache,0
cache,0
cache,0
cache,0
cache,0
cache,0
cache,0
cache,0
cache,0
cache,0
cache,0
cache,0
cache,0
cache,0
cache,0
cache,0
cache,0
cache,0
cache,0
cache,0
cache,0
cache,0
cache,0
cache,0
cache,0
cache,0
cache,0
cache,0
cache,0
cache,0
cache,0
cache,0
cache,0
cache,0
cache,0
cache,0
cache,0
cache,0
cache,0
cache,0
cache,0
cache,0
cache,0
cache,0
cache,0
cache,0
cache,0
cache,0
cache,0
cache,0
cache,0
cache,0
cache,0
cache,0
cache,0
cache,0
cache,0
cache,0
cache,0
cache,0
cache,0
cache,0
cache,0
cache,0
cache,0
cache,0
cache,0
cache,0
cache,0
cache,0
cache,0
cache,0
cache,0
cache,0
cache,0
cache,0
cache,0
cache,0
cache,0
cache,0
cache,0
cache,0
cache,0
cache,0
cache,0
cache,0
cache,0
cache,0
cache,0
cache,0
cache,0
cache,0
cache,0
cache,0
cache,0
cache,0
cache,0
cache,0
cache,0
cache,0
cache,0
cache,0
cache,0
cache,0
cache,0
cache,0
cache,0
cache,0
cache,0
cache,0
cache,0
cache,0
cache,0
cache,0
cache,0
cache,0
cache,0
cache,0
cache,0
cache,0
cache,0
cache,0
cache,0
cache,0
cache,0
cache,0
cache,0
cache,0
cache,0
cache,0
cache,0
cache,0
cache,0
cache,0
cache,0
cache,0
cache,0
cache,0
cache,0
cache,0
cache,0
cache,0
cache,0
cache,0
cache,0
cache,0
cache,0
cache,0
cache,0
cache,0
cache,0
cache,0
cache,0
cache,0
cache,0
cache,0
cache,0
cache,0
cache,0
cache,0
cache,0
cache,0
cache,0
cache,0
cache,0
cache,0
cache,0
cache,0
cache,0
cache,0
cache,0
cache,0
cache,0
cache,0
cache,0
cache,0
cache,0
cache,0
cache,0
cache,0
cache,0
cache,0
cache,0
cache,0
cache,0
cache,0
cache,0
cache,0
cache,0
cache,0
cache,0
cache,0
cache,0
cache,0
cache,0
cache,0
cache,0
cache,0
cache,0
cache,0
cache,0
cache,0
cache,0
cache,0
cache,0
cache,0
cache,0
cache,0
cache,0
cache,0
cache,0
cache,0
cache,0
cache,0
cache,0
cache,0
cache,0
cache,0
cache,0
cache,0
cache,0
cache,0
cache,0
cache,0
cache,0
cache,0
cache,0
cache,0
cache,0
cache,0
cache,0
cache,0
cache,0
cache,0
cache,0
cache,0
cache,0
cache,0
cache,0
cache,0
cache,0
cache,0
cache,0
cache,0
cache,0
cache,0
cache,0
cache,0
cache,0
cache,0
cache,0
cache,0
cache,0
cache,0
cache,0
cache,0
cache,0
cache,0
cache,0
cache,0
cache,0
cache,0
cache,0
cache,0
cache,0
cache,0
cache,0
cache,0
cache,0
cache,0
cache,0
cache,0
cache,0
cache,0
cache,0
cache,0
cache,0
cache,0
cache,0
cache,0
cache,0
cache,0
cache,0
cache,0
cache,0
cache,0
cache,0
cache,0
cache,0
cache,0
cache,0
cache,0
cache,0
cache,0
cache,0
cache,0
cache,0
cache,0
cache,0
cache,0
cache,0
cache,0
cache,0
cache,0
cache,0
cache,0
cache,0
cache,0
cache,0
cache,0
cache,0
cache,0
cache,0
cache,0
cache,0
cache,0
cache,0
cache,0
cache,0
cache,0
cache,0
cache,0
cache,0
cache,0
cache,0
cache,0
cache,0
cache,0
cache,0
cache,0
cache,0
cache,0
cache,0
cache,0
cache,0
cache,0
cache,0
cache,0
cache,0
cache,0
cache,0
cache,0
cache,0
cache,0
cache,0
cache,0
cache,0
cache,0
cache,0
cache,0
cache,0
cache,0
cache,0
cache,0
cache,0
cache,0
cache,0
cache,0
cache,0
cache,0
cache,0
cache,0
cache,0
cache,0
cache,0
cache,0
cache,0
cache,0
cache,0
cache,0
cache,0
cache,0
cache,0
cache,0
cache,0
cache,0
cache,0
cache,0
cache,0
cache,0
cache,0
cache,0
cache,0
cache,0
cache,0
cache,0
cache,0
cache,0
cache,0
cache,0
cache,0
cache,0
cache,0
cache,0
cache,0
cache,0
cache,0
cache,0
cache,0
cache,0
cache,0
cache,0
cache,0
cache,0
cache,0
cache,0
cache,0
cache,0
cache,0
cache,0
cache,0
cache,0
cache,0
cache,0
cache,0
cache,0
cache,0
cache,0
cache,0
cache,0
cache,0
cache,0
cache,0
cache,0
cache,0
cache,0
cache,0
cache,0
cache,0
cache,0
cache,0
cache,0
cache,0
cache,0
cache,0
cache,0
cache,0
cache,0
cache,0
cache,0
cache,0
cache,0
cache,0
cache,0
cache,0
cache,0
cache,0
cache,0
cache,0
cache,0
cache,0
cache,0
cache,0
cache,0
cache,0
cache,0
cache,0
cache,0
cache,0
cache,0
cache,0
cache,0
cache,0
cache,0
cache,0
cache,0
cache,0
cache,0
cache,0
cache,0
cache,0
cache,0
cache,0
cache,0
cache,0
cache,0
cache,0
cache,0
cache,0
cache,0
cache,0
cache,0
cache,0
cache,0
cache,0
cache,0
cache,0
cache,0
cache,0
cache,0
cache,0
cache,0
cache,0
cache,0
cache,0
cache,0
cache,0
cache,0
cache,0
cache,0
cache,0
cache,0
cache,0
cache,0
cache,0
cache,0
cache,0
cache,0
cache,0
cache,0
cache,0
cache,0
cache,0
cache,0
cache,0
cache,0
cache,0
cache,0
cache,0
cache,0
cache,0
cache,0
cache,0
cache,0
cache,0
cache,0
cache,0
cache,0
cache,0
cache,0
cache,0
cache,0
cache,0
cache,0
cache,0
cache,0
cache,0
cache,0
cache,0
cache,0
cache,0
cache,0
cache,0
cache,0
cache,0
cache,0
cache,0
cache,0
cache,0
cache,0
cache,0
cache,0
cache,0
cache,0
cache,0
cache,0
cache,0
cache,0
cache,0
cache,0
cache,0
cache,0
cache,0
cache,0
cache,0
cache,0
cache,0
cache,0
cache,0
cache,0
cache,0
cache,0
cache,4
cache,0
cache,0
cache,0
cache,0
cache,0
cache,0
cache,0
cache,0
cache,0
cache,0
cache,0
cache,0
cache,0
cache,0
cache,0
cache,0
cache,0
cache,0
cache,0
cache,0
cache,0
cache,0
cache,0
cache,0
cache,0
cache,0
cache,0
cache,0
cache,0
cache,0
cache,0
cache,0
cache,0
cache,0
cache,0
cache,0
cache,0
cache,0
cache,0
cache,0
cache,0
cache,0
cache,0
cache,0
cache,0
cache,0
cache,0
cache,0
cache,0
cache,0
cache,0
cache,0
cache,0
cache,0
cache,0
cache,0
cache,0
cache,0
cache,0
cache,0
cache,0
cache,0
cache,0
cache,0
cache,0
cache,0
cache,0
cache,0
cache,0
cache,0
cache,0
cache,0
cache,0
cache,0
cache,0
cache,0
cache,0
cache,0
cache,0
cache,0
cache,0
cache,0
cache,0
cache,0
cache,0
cache,0
cache,0
cache,0
cache,0
cache,0
cache,0
cache,0
cache,0
cache,0
cache,0
cache,0
cache,0
cache,0
cache,0
cache,0
cache,0
cache,0
cache,0
cache,0
cache,0
cache,0
cache,0
cache,0
cache,0
cache,0
cache,0
cache,0
cache,0
cache,0
cache,0
cache,0
cache,0
cache,0
cache,0
cache,0
cache,0
cache,0
cache,0
cache,0
cache,0
cache,0
cache,0
cache,0
cache,0
cache,0
cache,0
cache,0
cache,0
cache,0
cache,0
cache,0
cache,0
cache,0
cache,0
cache,0
cache,0
cache,0
cache,0
cache,0
cache,0
cache,0
cache,0
cache,0
cache,0
cache,0
cache,0
cache,0
cache,0
cache,0
cache,0
cache,0
cache,0
cache,0
cache,0
cache,0
cache,0
cache,0
cache,0
cache,0
cache,0
cache,0
cache,0
cache,0
cache,0
cache,0
cache,0
cache,0
cache,0
cache,0
cache,0
cache,0
cache,0
cache,0
cache,0
cache,0
cache,0
cache,0
cache,0
cache,0
cache,0
cache,0
cache,0
cache,0
cache,0
cache,0
cache,0
cache,0
cache,0
cache,0
cache,0
cache,0
cache,0
cache,0
cache,0
cache,0
cache,0
cache,0
cache,0
cache,0
cache,0
cache,0
cache,0
cache,0
cache,0
cache,0
cache,0
cache,0
cache,0
cache,0
cache,0
cache,0
cache,0
cache,0
cache,0
cache,0
cache,0
cache,0
cache,0
cache,0
cache,0
cache,0
cache,0
cache,0
cache,0
cache,0
cache,0
cache,0
cache,0
cache,0
cache,0
cache,0
cache,0
cache,0
cache,0
cache,0
cache,0
cache,0
cache,0
cache,0
cache,0
cache,0
cache,0
cache,0
cache,0
cache,0
cache,0
cache,0
cache,0
cache,0
cache,0
cache,0
cache,0
cache,0
cache,0
cache,0
cache,0
cache,0
cache,0
cache,0
cache,0
cache,0
cache,0
cache,0
cache,0
cache,0
cache,0
cache,0
cache,0
cache,0
cache,0
cache,0
cache,0
cache,0
cache,0
cache,0
cache,0
cache,0
cache,0
cache,0
cache,0
cache,0
cache,0
cache,0
cache,0
cache,0
cache,0
cache,0
cache,0
cache,0
cache,0
cache,0
cache,0
cache,0
cache,0
cache,0
cache,0
cache,0
cache,0
cache,0
cache,0
cache,0
cache,0
cache,0
cache,0
cache,0
cache,0
cache,0
cache,0
cache,0
cache,0
cache,0
cache,0
cache,0
cache,0
cache,0
cache,0
cache,0
cache,0
cache,0
cache,0
cache,0
cache,0
cache,0
cache,0
cache,0
cache,0
cache,0
cache,0
cache,0
cache,0
cache,0
cache,0
cache,0
cache,0
cache,0
cache,0
cache,0
cache,0
cache,0
cache,0
cache,0
cache,0
cache,0
cache,0
cache,0
cache,0
cache,0
cache,0
cache,0
cache,0
cache,0
cache,0
cache,0
cache,0
cache,0
cache,0
cache,0
cache,0
cache,0
cache,0
cache,0
cache,0
cache,0
cache,0
cache,0
cache,0
cache,0
cache,0
cache,0
cache,0
cache,0
cache,0
cache,0
cache,0
cache,0
cache,0
cache,0
cache,0
cache,0
cache,0
cache,0
cache,0
cache,0
cache,0
cache,0
cache,0
cache,0
cache,0
cache,0
cache,0
cache,0
cache,0
cache,0
cache,0
cache,0
cache,0
cache,0
cache,0
cache,0
cache,0
cache,0
cache,0
cache,0
cache,0
cache,0
cache,0
cache,0
cache,0
cache,0
cache,0
cache,0
cache,0
cache,0
cache,0
cache,0
cache,0
cache,0
cache,0
cache,0
cache,0
cache,0
cache,0
cache,0
cache,0
cache,0
cache,0
cache,0
cache,0
cache,0
cache,0
cache,0
cache,0
cache,0
cache,0
cache,0
cache,0
cache,0
cache,0
cache,0
cache,0
cache,0
cache,0
cache,0
cache,0
cache,0
cache,0
cache,0
cache,0
cache,0
cache,0
cache,0
cache,0
cache,0
cache,0
cache,0
cache,0
cache,0
cache,0
cache,0
cache,0
cache,-125
cache,0
cache,0
cache,0
cache,0
cache,0
cache,0
cache,0
cache,0
cache,0
cache,0
cache,0
cache,0
cache,0
cache,0
cache,0
cache,0
cache,0
cache,0
cache,0
cache,0
cache,0
cache,0
cache,0
cache,0
cache,0
cache,0
cache,0
cache,0
cache,0
cache,0
cache,0
cache,0
cache,0
cache,0
cache,0
cache,0
cache,0
cache,0
cache,0
cache,0
cache,0
cache,0
cache,0
cache,0
cache,0
cache,0
cache,0
cache,0
cache,0
cache,0
cache,0
cache,0
cache,0
cache,0
cache,0
cache,0
cache,0
cache,0
cache,0
cache,0
cache,0
cache,0
cache,0
cache,0
cache,0
cache,0
cache,0
cache,0
cache,0
cache,0
cache,0
cache,0
cache,0
cache,0
cache,0
cache,0
cache,0
cache,0
cache,0
cache,0
cache,0
cache,0
cache,0
cache,0
cache,0
cache,0
cache,0
cache,0
cache,0
cache,0
cache,0
cache,0
cache,0
cache,0
cache,0
cache,0
cache,0
cache,0
cache,0
cache,0
cache,0
cache,0
cache,0
cache,0
cache,0
cache,0
cache,0
cache,0
cache,0
cache,0
cache,0
cache,0
cache,0
cache,0
cache,0
cache,0
cache,0
cache,0
cache,0
cache,0
cache,0
cache,0
cache,0
cache,0
cache,0
cache,0
cache,0
cache,0
cache,0
cache,0
cache,0
cache,0
cache,0
cache,0
cache,0
cache,0
cache,0
cache,0
cache,0
cache,0
cache,0
cache,0
cache,0
cache,0
cache,0
cache,0
cache,0
cache,0
cache,0
cache,0
cache,0
cache,0
cache,0
cache,0
cache,0
cache,0
cache,0
cache,0
cache,0
cache,0
cache,0
cache,0
cache,0
cache,0
cache,0
cache,0
cache,0
cache,0
cache,0
cache,0
cache,0
cache,0
cache,0
cache,0
cache,0
cache,0
cache,0
cache,0
cache,0
cache,0
cache,0
cache,0
cache,0
cache,0
cache,0
cache,0
cache,0
cache,0
cache,0
cache,0
cache,0
cache,0
cache,0
cache,0
cache,0
cache,0
cache,0
cache,0
cache,0
cache,0
cache,0
cache,0
cache,0
cache,0
cache,0
cache,0
cache,0
cache,0
cache,0
cache,0
cache,0
cache,0
cache,0
cache,0
cache,0
cache,0
cache,0
cache,0
cache,0
cache,0
cache,0
cache,0
cache,0
cache,0
cache,0
cache,0
cache,0
cache,0
cache,0
cache,0
cache,0
cache,0
cache,0
cache,0
cache,0
cache,0
cache,0
cache,0
cache,0
cache,0
cache,0
cache,0
cache,0
cache,0
cache,0
cache,0
cache,0
cache,0
cache,0
cache,0
cache,0
cache,0
cache,0
cache,0
cache,0
cache,0
cache,0
cache,0
cache,0
cache,0
cache,0
cache,0
cache,0
cache,0
cache,0
cache,0
cache,0
cache,0
cache,0
cache,0
cache,0
cache,0
cache,0
cache,0
cache,0
cache,0
cache,0
cache,0
cache,0
cache,0
cache,0
cache,0
cache,0
cache,0
cache,0
cache,0
cache,0
cache,0
cache,0
cache,0
cache,0
cache,0
cache,0
cache,0
cache,0
cache,0
cache,0
cache,0
cache,0
cache,0
cache,0
cache,0
cache,0
cache,0
cache,0
cache,0
cache,0
cache,0
cache,0
cache,0
cache,0
cache,0
cache,0
cache,0
cache,0
cache,0
cache,0
cache,0
cache,0
cache,0
cache,0
cache,0
cache,0
cache,0
cache,0
cache,0
cache,0
cache,0
cache,0
cache,0
cache,0
cache,0
cache,0
cache,0
cache,0
cache,0
cache,0
cache,0
cache,0
cache,0
cache,0
cache,0
cache,0
cache,0
cache,0
cache,0
cache,0
cache,0
cache,0
cache,0
cache,0
cache,0
cache,0
cache,0
cache,0
cache,0
cache,0
cache,0
cache,0
cache,0
cache,0
cache,0
cache,0
cache,0
cache,0
cache,0
cache,0
cache,0
cache,0
cache,0
cache,0
cache,0
cache,0
cache,0
cache,0
cache,0
cache,0
cache,0
cache,0
cache,0
cache,0
cache,0
cache,0
cache,0
cache,0
cache,0
cache,0
cache,0
cache,0
cache,0
cache,0
cache,0
cache,0
cache,0
cache,0
cache,0
cache,0
cache,0
cache,0
cache,0
cache,0
cache,0
cache,0
cache,0
cache,0
cache,0
cache,0
cache,0
cache,0
cache,0
cache,0
cache,0
cache,0
cache,0
cache,0
cache,0
cache,0
cache,0
cache,0
cache,0
cache,0
cache,0
cache,0
cache,0
cache,0
cache,0
cache,0
cache,0
cache,0
cache,0
cache,0
cache,0
cache,0
cache,0
cache,0
cache,0
cache,0
cache,0
cache,0
cache,0
cache,0
cache,0
cache,0
cache,0
cache,0
cache,0
cache,0
cache,0
cache,0
cache,0
cache,0
cache,0
cache,0
cache,0
cache,0
cache,0
cache,0
cache,0
cache,0
cache,0
cache,0
cache,0
cache,0
cache,0
cache,0
cache,0
cache,0
cache,0
cache,0
cache,0
cache,0
cache,0
cache,0
cache,0
cache,0
cache,0
cache,0
cache,0
cache,0
cache,0
cache,0
cache,0
cache,0
cache,0
cache,0
cache,0
cache,0
cache,0
cache,0
cache,0
cache,0
cache,0
cache,0
cache,0
cache,0
cache,0
cache,0
cache,0
cache,0
cache,0
cache,0
cache,1
cache,0
cache,0
cache,0
cache,0
cache,0
cache,0
cache,0
cache,0
cache,0
cache,0
cache,0
cache,0
cache,0
cache,0
cache,0
cache,0
cache,0
cache,0
cache,0
cache,0
cache,0
cache,0
cache,0
cache,0
cache,0
cache,0
cache,0
cache,0
cache,0
cache,0
cache,0
cache,0
cache,0
cache,0
cache,0
cache,0
cache,0
cache,0
cache,0
cache,0
cache,0
cache,0
cache,0
cache,0
cache,0
cache,0
cache,0
cache,0
cache,0
cache,0
cache,0
cache,0
cache,0
cache,0
cache,0
cache,0
cache,0
cache,0
cache,0
cache,0
cache,0
cache,0
cache,0
cache,0
cache,0
cache,0
cache,0
cache,0
cache,0
cache,0
cache,0
cache,0
cache,0
cache,0
cache,0
cache,0
cache,0
cache,0
cache,0
cache,0
cache,0
cache,0
cache,0
cache,0
cache,0
cache,0
cache,0
cache,0
cache,0
cache,0
cache,0
cache,0
cache,0
cache,0
cache,0
cache,0
cache,0
cache,0
cache,0
cache,0
cache,0
cache,0
cache,0
cache,0
cache,0
cache,0
cache,0
cache,0
cache,0
cache,0
cache,0
cache,0
cache,0
cache,0
cache,0
cache,0
cache,0
cache,0
cache,0
cache,0
cache,0
cache,0
cache,0
cache,0
cache,0
cache,0
cache,0
cache,0
cache,0
cache,0
cache,0
cache,0
cache,0
cache,0
cache,0
cache,0
cache,0
cache,0
cache,0
cache,0
cache,0
cache,0
cache,0
cache,0
cache,0
cache,0
cache,0
cache,0
cache,0
cache,0
cache,0
cache,0
cache,0
cache,0
cache,0
cache,0
cache,0
cache,0
cache,0
cache,0
cache,0
cache,0
cache,0
cache,0
cache,0
cache,0
cache,0
cache,0
cache,0
cache,0
cache,0
cache,0
cache,0
cache,0
cache,0
cache,0
cache,0
cache,0
cache,0
cache,0
cache,0
cache,0
cache,0
cache,0
cache,0
cache,0
cache,0
cache,0
cache,0
cache,0
cache,0
cache,0
cache,0
cache,0
cache,0
cache,0
cache,0
cache,0
cache,0
cache,0
cache,0
cache,0
cache,0
cache,0
cache,0
cache,0
cache,0
cache,0
cache,0
cache,0
cache,0
cache,0
cache,0
cache,0
cache,0
cache,0
cache,0
cache,0
cache,0
cache,0
cache,0
cache,0
cache,0
cache,0
cache,0
cache,0
cache,0
cache,0
cache,0
cache,0
cache,0
cache,0
cache,0
cache,0
cache,0
cache,0
cache,0
cache,0
cache,0
cache,0
cache,0
cache,0
cache,0
cache,0
cache,0
cache,0
cache,0
cache,0
cache,0
cache,0
cache,0
cache,0
cache,0
cache,0
cache,0
cache,0
cache,0
cache,0
cache,0
cache,0
cache,0
cache,0
cache,0
cache,0
cache,0
cache,0
cache,0
cache,0
cache,0
cache,0
cache,0
cache,0
cache,0
cache,0
cache,0
cache,0
cache,0
cache,0
cache,0
cache,0
cache,0
cache,0
cache,0
cache,0
cache,0
cache,0
cache,0
cache,0
cache,0
cache,0
cache,0
cache,0
cache,0
cache,0
cache,0
cache,0
cache,0
cache,0
cache,0
cache,0
cache,0
cache,0
cache,0
cache,0
cache,0
cache,0
cache,0
cache,0
cache,0
cache,0
cache,0
cache,0
cache,0
cache,0
cache,0
cache,0
cache,0
cache,0
cache,0
cache,0
cache,0
cache,0
cache,0
cache,0
cache,0
cache,0
cache,0
cache,0
cache,0
cache,0
cache,0
cache,0
cache,0
cache,0
cache,0
cache,0
cache,0
cache,0
cache,0
cache,0
cache,0
cache,0
cache,0
cache,0
cache,0
cache,0
cache,0
cache,0
cache,0
cache,0
cache,0
cache,0
cache,0
cache,0
cache,0
cache,0
cache,0
cache,0
cache,0
cache,0
cache,0
cache,0
cache,0
cache,0
cache,0
cache,0
cache,0
cache,0
cache,0
cache,0
cache,0
cache,0
cache,0
cache,0
cache,0
cache,0
cache,0
cache,0
cache,0
cache,0
cache,0
cache,0
cache,0
cache,0
cache,0
cache,0
cache,0
cache,0
cache,0
cache,0
cache,0
cache,0
cache,0
cache,0
cache,0
cache,0
cache,0
cache,0
cache,0
cache,0
cache,0
cache,0
cache,0
cache,0
cache,0
cache,0
cache,0
cache,0
cache,0
cache,0
cache,0
cache,0
cache,0
cache,0
cache,0
cache,0
cache,0
cache,0
cache,0
cache,0
cache,0
cache,0
cache,0
cache,0
cache,0
cache,0
cache,0
cache,0
cache,0
cache,0
cache,0
cache,0
cache,0
cache,0
cache,0
cache,0
cache,0
cache,0
cache,0
cache,0
cache,0
cache,0
cache,0
cache,0
cache,0
cache,0
cache,0
cache,0
cache,0
cache,0
cache,0
cache,0
cache,0
cache,0
cache,0
cache,0
cache,0
cache,0
cache,0
cache,0
cache,0
cache,0
cache,0
cache,0
cache,0
cache,0
cache,0
cache,0
cache,0
cache,0
cache,0
cache,0
cache,0
cache,0
cache,0
cache,0
cache,0
cache,0
cache,0
cache,0
cache,0
cache,0
cache,0
cache,0
cache,0
cache,0
cache,0
cache,0
cache,0
cache,0
cache,0
cache,0
cache,0
cache,0
cache,0
cache,0
cache,0
cache,0
cache,0
cache,0
cache,0
cache,0
cache,0
cache,0
cache,0
cache,0
cache,0
cache,0
cache,0
cache,0
cache,0
cache,0
cache,0
cache,0
cache,0
cache,0
cache,0
cache,0
cache,0
cache,0
cache,0
cache,0
cache,0
cache,0
cache,0
cache,0
cache,0
cache,0
cache,0
cache,0
cache,0
cache,0
cache,0
cache,0
cache,0
cache,0
cache,0
cache,0
cache,0
cache,0
cache,0
cache,0
cache,0
cache,0
cache,0
cache,0
cache,0
cache,0
cache,0
cache,0
cache,0
cache,0
cache,0
cache,0
cache,0
cache,0
cache,0
cache,0
cache,0
cache,0
cache,0
cache,0
cache,0
cache,0
cache,0
cache,0
cache,0
cache,0
cache,0
cache,0
cache,0
cache,0
cache,0
cache,0
cache,0
cache,0
cache,0
cache,0
cache,0
cache,0
cache,0
cache,0
cache,0
cache,0
cache,0
cache,0
cache,0
cache,0
cache,0
cache,0
cache,0
cache,0
cache,0
cache,0
cache,0
cache,0
cache,0
cache,0
cache,0
cache,0
cache,0
cache,0
cache,0
cache,0
cache,0
cache,0
cache,0
cache,0
cache,0
cache,0
cache,0
cache,0
cache,0
cache,0
cache,0
cache,0
cache,0
cache,0
cache,0
cache,0
cache,0
cache,0
cache,0
cache,0
cache,0
cache,0
cache,0
cache,0
cache,0
cache,0
cache,0
cache,0
cache,0
cache,0
cache,0
cache,0
cache,0
cache,0
cache,0
cache,0
cache,0
cache,0
cache,0
cache,0
cache,0
cache,0
cache,0
cache,0
cache,0
cache,0
cache,0
cache,0
cache,0
cache,0
cache,0
cache,0
cache,0
cache,0
cache,0
cache,0
cache,0
cache,0
cache,0
cache,0
cache,0
cache,0
cache,0
cache,0
cache,0
cache,0
cache,0
cache,0
cache,0
cache,0
cache,0
cache,0
cache,0
cache,0
cache,0
cache,0
cache,0
cache,0
cache,0
cache,0
cache,0
cache,0
cache,0
cache,0
cache,0
cache,0
cache,0
cache,0
cache,0
cache,0
cache,0
cache,0
cache,0
cache,0
cache,0
cache,0
cache,0
cache,0
cache,0
cache,0
cache,0
cache,0
cache,0
cache,0
cache,0
cache,0
cache,0
cache,0
cache,0
cache,0
cache,0
cache,0
cache,0
cache,0
cache,0
cache,0
cache,0
cache,0
cache,0
cache,0
cache,0
cache,0
cache,0
cache,0
cache,0
cache,0
cache,0
cache,0
cache,0
cache,0
cache,0
llm,1916
cache,0
cache,0
cache,0
cache,0
cache,0
cache,0
cache,0
llm,2391
cache,0
cache,0
cache,0
cache,0
cache,0
cache,0
cache,0
cache,0
cache,0
cache,0
cache,0
cache,0
llm,6045
cache,0
cache,0
llm,16766
cache,0
cache,0
llm,9189
cache,0
cache,0
cache,0
cache,0
cache,0
cache,0
cache,0
llm,18632
cache,0
cache,0
cache,0
cache,0
cache,0
llm,13038
cache,0
cache,0
cache,0
cache,0
cache,0
cache,0
cache,0
llm,5750
cache,0
cache,0
cache,0
cache,0
cache,0
cache,0
cache,0
cache,0
cache,0
cache,0
cache,0
cache,0
cache,0
cache,0
cache,0
cache,0
cache,0
cache,0
cache,0
cache,0
cache,0
cache,0
cache,0
cache,0
cache,0
cache,0
cache,0
cache,0
cache,0
cache,0
cache,0
cache,0
cache,0
cache,0
cache,0
cache,0
llm,15405
cache,0
cache,0
cache,0
cache,0
cache,0
cache,0
cache,0
cache,0
cache,0
cache,0
cache,0
cache,0
cache,0
cache,0
cache,0
cache,0
cache,0
cache,0
cache,0
llm,7391
cache,0
cache,0
cache,0
cache,0
cache,0
cache,0
cache,0
cache,0
cache,0
cache,0
cache,0
cache,0
cache,0
cache,0
cache,1
cache,0
cache,0
cache,0
cache,0
cache,0
cache,0
cache,0
cache,0
cache,0
cache,0
cache,0
cache,0
cache,0
cache,0
cache,0
cache,0
cache,0
cache,0
cache,0
cache,0
cache,0
cache,0
cache,0
cache,0
cache,0
cache,0
cache,0
cache,0
cache,0
cache,0
cache,0
cache,0
cache,0
cache,0
cache,0
cache,0
cache,0
cache,0
cache,0
cache,0
cache,0
cache,0
cache,0
cache,0
cache,0
cache,0
cache,0
cache,0
cache,0
cache,0
cache,0
cache,0
cache,0
cache,0
cache,0
cache,0
cache,0
cache,0
cache,0
cache,0
cache,0
cache,0
cache,0
cache,0
cache,0
cache,0
cache,0
cache,0
cache,0
cache,0
cache,0
cache,0
cache,0
cache,0
cache,0
cache,0
cache,0
cache,0
cache,0
cache,0
cache,0
cache,0
cache,0
cache,0
cache,0
cache,0
cache,0
cache,0
cache,0
cache,0
cache,0
cache,0
cache,0
cache,0
cache,0
cache,0
cache,0
cache,0
cache,0
cache,0
cache,0
cache,0
cache,0
cache,0
cache,0
cache,0
cache,0
cache,0
cache,0
cache,0
cache,0
cache,0
cache,0
cache,0
cache,0
cache,0
cache,0
cache,0
cache,0
cache,0
cache,0
cache,0
cache,0
cache,0
cache,0
cache,0
cache,0
cache,0
cache,0
cache,0
cache,0
cache,0
cache,0
cache,0
cache,0
cache,0
cache,0
cache,0
cache,0
cache,0
cache,0
cache,0
cache,0
cache,0
cache,0
cache,0
cache,0
cache,0
cache,0
cache,0
cache,0
cache,0
cache,0
cache,0
cache,0
cache,0
cache,0
cache,0
cache,0
cache,0
cache,0
cache,0
cache,0
cache,0
cache,0
cache,0
cache,0
cache,0
cache,0
cache,0
cache,0
cache,0
cache,0
cache,0
cache,0
cache,0
cache,0
cache,0
cache,0
cache,0
cache,0
cache,0
cache,0
cache,0
cache,0
cache,0
cache,0
cache,0
cache,0
cache,0
cache,0
cache,0
cache,0
cache,0
cache,0
cache,0
cache,0
cache,0
cache,0
cache,0
cache,0
cache,0
cache,0
cache,0
cache,0
cache,0
cache,0
cache,0
cache,0
cache,0
cache,0
cache,0
cache,0
cache,0
cache,0
cache,0
cache,0
cache,0
cache,0
cache,0
cache,0
cache,0
cache,0
cache,0
cache,0
cache,0
cache,0
cache,0
cache,0
cache,0
cache,0
cache,0
cache,0
cache,0
cache,0
cache,0
cache,0
cache,0
cache,0
cache,0
cache,0
cache,0
cache,0
cache,0
cache,0
cache,0
cache,0
cache,0
cache,0
cache,0
cache,0
cache,0
cache,0
cache,0
cache,0
cache,0
cache,0
cache,0
cache,0
cache,0
cache,0
cache,0
cache,0
cache,0
cache,0
cache,0
cache,0
cache,0
cache,0
cache,0
cache,0
cache,0
cache,0
cache,0
cache,0
cache,0
cache,0
cache,0
cache,0
cache,0
cache,0
cache,0
cache,0
cache,0
cache,0
cache,0
cache,0
cache,0
cache,0
cache,0
cache,0
cache,0
cache,0
cache,0
cache,0
cache,0
cache,0
cache,0
cache,0
cache,0
cache,0
cache,0
cache,0
cache,0
cache,0
cache,0
cache,0
cache,0
cache,0
cache,0
cache,0
cache,0
cache,0
cache,0
cache,0
cache,0
cache,0
cache,0
cache,0
cache,0
cache,0
cache,0
cache,0
cache,0
cache,0
cache,0
cache,0
cache,0
cache,0
cache,0
cache,0
cache,0
cache,0
cache,0
cache,0
cache,0
cache,0
cache,0
cache,0
cache,0
cache,0
cache,0
cache,0
cache,0
cache,0
cache,0
cache,0
cache,0
cache,0
cache,0
cache,0
cache,0
cache,0
cache,0
cache,0
cache,0
cache,0
cache,0
cache,0
cache,0
cache,0
cache,0
cache,0
cache,0
cache,0
cache,0
cache,0
cache,0
cache,0
cache,0
cache,0
cache,0
cache,0
cache,0
cache,0
cache,0
cache,0
cache,0
cache,0
cache,0
cache,0
cache,0
cache,0
cache,0
cache,0
cache,0
cache,0
cache,0
cache,0
cache,0
cache,0
cache,0
cache,0
cache,0
cache,0
cache,0
cache,0
cache,0
cache,0
cache,0
cache,0
cache,0
cache,0
cache,0
cache,0
cache,0
cache,0
cache,0
cache,0
cache,0
cache,0
cache,0
cache,0
cache,0
cache,0
cache,0
cache,0
cache,0
cache,0
cache,0
cache,0
cache,0
cache,0
cache,0
cache,0
cache,0
cache,0
cache,0
cache,0
cache,0
cache,0
cache,0
cache,0
cache,0
cache,0
cache,0
cache,0
cache,0
cache,0
cache,0
cache,0
cache,0
cache,0
cache,0
cache,0
cache,0
cache,0
cache,0
cache,0
cache,0
cache,0
cache,0
cache,0
cache,0
cache,0
cache,0
cache,0
cache,0
cache,0
cache,0
cache,0
cache,0
cache,0
cache,0
cache,0
cache,0
cache,0
cache,0
cache,0
cache,0
cache,0
cache,0
cache,0
cache,0
cache,0
cache,0
cache,0
cache,0
cache,0
cache,0
cache,0
cache,0
cache,0
cache,0
cache,0
cache,0
cache,0
cache,0
cache,0
cache,0
cache,0
cache,0
cache,0
cache,0
cache,0
cache,0
cache,0
cache,0
cache,0
cache,0
cache,0
cache,0
cache,0
cache,0
cache,0
cache,0
cache,0
cache,0
cache,0
cache,0
cache,0
cache,0
cache,0
cache,0
cache,0
cache,0
cache,0
cache,0
cache,0
cache,0
cache,0
cache,0
cache,0
cache,0
cache,0
cache,0
cache,0
cache,0
cache,0
cache,0
cache,0
cache,0
cache,0
cache,0
cache,0
cache,0
cache,0
cache,0
cache,0
cache,0
cache,0
cache,0
cache,0
cache,0
cache,0
cache,0
cache,0
cache,0
cache,0
cache,0
cache,0
cache,0
cache,0
cache,0
cache,0
cache,0
cache,0
cache,0
cache,0
cache,0
cache,0
cache,0
cache,0
cache,0
cache,0
cache,0
cache,0
cache,0
cache,0
cache,0
cache,0
cache,0
cache,0
cache,0
cache,0
cache,0
cache,0
cache,0
cache,0
cache,0
cache,0
cache,0
cache,0
cache,0
cache,0
cache,0
cache,0
cache,0
cache,0
cache,0
cache,0
cache,0
cache,0
cache,0
cache,0
cache,0
cache,0
cache,0
cache,0
cache,0
cache,0
cache,0
cache,0
cache,0
cache,0
cache,0
cache,0
cache,0
cache,0
cache,0
cache,0
cache,0
cache,0
cache,0
cache,0
cache,0
cache,0
cache,0
cache,0
cache,0
cache,0
cache,0
cache,0
cache,0
cache,0
cache,0
cache,0
cache,0
cache,0
cache,0
cache,0
cache,0
cache,0
cache,0
cache,0
cache,0
cache,0
cache,0
cache,0
cache,0
cache,0
cache,0
cache,0
cache,0
cache,0
cache,0
cache,0
cache,0
cache,0
cache,0
cache,0
cache,0
cache,0
cache,0
cache,0
cache,0
cache,0
cache,0
cache,0
cache,0
cache,0
cache,0
cache,0
cache,0
cache,0
cache,0
cache,0
cache,0
cache,0
cache,0
cache,0
cache,0
cache,0
cache,0
cache,0
cache,0
cache,0
cache,0
cache,0
cache,0
cache,0
cache,0
cache,0
cache,0
cache,0
cache,0
cache,0
cache,0
cache,0
cache,0
cache,0
cache,0
cache,0
cache,0
cache,0
cache,0
cache,0
cache,0
cache,0
cache,0
cache,0
cache,0
cache,0
cache,0
cache,0
cache,0
cache,0
cache,0
cache,0
cache,0
cache,0
cache,0
cache,0
cache,0
cache,0
cache,0
cache,0
cache,0
cache,0
cache,0
cache,0
cache,0
cache,0
cache,0
cache,0
cache,0
cache,0
cache,0
cache,0
cache,0
cache,0
cache,0
cache,0
cache,0
cache,0
cache,0
cache,0
cache,0
cache,0
cache,0
cache,0
cache,0
cache,0
cache,0
cache,0
cache,0
cache,0
cache,0
cache,0
cache,0
cache,0
cache,0
cache,0
cache,0
cache,0
cache,0
cache,0
cache,0
cache,0
cache,0
cache,0
cache,0
cache,0
cache,0
cache,0
cache,0
cache,0
cache,0
cache,0
cache,0
cache,0
cache,0
cache,0
cache,0
cache,0
cache,0
cache,0
cache,0
cache,0
cache,0
cache,0
cache,0
cache,0
cache,0
cache,0
cache,0
cache,0
cache,0
cache,0
cache,0
cache,0
cache,0
cache,0
cache,0
cache,0
cache,0
cache,0
cache,0
cache,0
cache,0
cache,0
cache,0
cache,0
cache,0
cache,0
cache,0
cache,0
cache,0
cache,0
cache,0
cache,0
cache,0
cache,0
cache,0
cache,0
cache,0
cache,0
cache,0
cache,0
cache,0
cache,0
cache,0
cache,0
cache,0
cache,0
cache,0
cache,0
cache,0
cache,0
cache,0
cache,0
cache,0
cache,0
cache,0
cache,0
cache,0
cache,0
cache,0
cache,0
cache,0
cache,0
cache,0
cache,0
cache,0
cache,0
cache,0
cache,0
cache,0
cache,0
cache,0
cache,0
cache,0
cache,0
cache,0
cache,0
cache,0
cache,0
cache,0
cache,0
cache,0
cache,0
cache,0
cache,0
cache,0
cache,0
cache,0
cache,0
cache,0
cache,0
cache,0
cache,0
cache,0
cache,0
cache,0
cache,0
cache,0
cache,0
cache,0
cache,0
cache,0
cache,0
cache,0
cache,0
cache,0
cache,0
cache,0
cache,0
cache,0
cache,0
cache,0
cache,0
cache,0
cache,0
cache,0
cache,0
cache,0
cache,0
cache,0
cache,0
cache,0
cache,0
cache,0
cache,0
cache,0
cache,0
cache,0
cache,0
cache,0
cache,0
cache,0
cache,0
cache,0
cache,0
cache,0
cache,0
cache,0
cache,0
cache,0
cache,0
cache,0
cache,0
cache,0
cache,0
cache,0
cache,0
cache,0
cache,0
cache,0
cache,0
cache,0
cache,0
cache,0
cache,0
cache,0
cache,0
cache,0
cache,0
cache,0
cache,0
cache,0
cache,0
cache,0
cache,0
cache,0
cache,0
cache,0
cache,0
cache,0
cache,0
cache,0
cache,0
cache,0
cache,0
cache,0
cache,0
cache,0
cache,0
cache,0
cache,0
cache,0
cache,0
cache,0
cache,0
cache,0
cache,0
cache,0
cache,0
cache,0
cache,0
cache,0
cache,0
cache,0
cache,0
cache,0
cache,0
cache,0
cache,0
cache,0
cache,0
cache,0
cache,0
cache,0
cache,0
cache,0
cache,0
cache,0
cache,0
cache,0
cache,0
cache,0
cache,0
cache,0
cache,0
cache,0
cache,0
cache,0
cache,0
cache,0
cache,0
cache,0
cache,0
cache,0
cache,0
cache,0
cache,0
cache,0
cache,0
cache,0
cache,0
cache,0
cache,0
cache,0
cache,0
cache,0
cache,0
cache,0
cache,0
cache,0
cache,0
cache,0
cache,0
cache,0
cache,0
cache,0
cache,0
cache,0
cache,0
cache,0
cache,0
cache,0
cache,0
cache,0
cache,0
cache,0
cache,0
cache,0
cache,0
cache,0
cache,0
cache,0
cache,0
cache,0
cache,0
cache,0
cache,0
cache,0
cache,0
cache,0
cache,0
cache,0
cache,0
cache,0
cache,0
cache,0
cache,0
cache,0
cache,0
cache,0
cache,0
cache,0
cache,0
cache,0
cache,0
cache,0
cache,0
cache,0
cache,0
cache,0
cache,0
cache,0
cache,0
cache,0
cache,0
cache,0
cache,0
cache,0
cache,0
cache,0
cache,0
cache,0
cache,0
cache,0
cache,0
cache,0
cache,0
cache,0
cache,0
cache,0
cache,0
cache,0
cache,0
cache,0
cache,0
cache,0
cache,0
cache,0
cache,0
cache,0
cache,0
cache,0
cache,0
cache,0
cache,0
cache,0
cache,0
cache,0
cache,0
cache,0
cache,0
cache,0
cache,0
cache,0
cache,0
cache,0
cache,0
cache,0
cache,0
cache,0
cache,0
cache,0
cache,0
cache,0
cache,0
cache,0
cache,0
cache,0
cache,0
cache,0
cache,0
cache,0
cache,0
cache,0
cache,0
cache,0
cache,0
cache,0
cache,0
cache,0
cache,0
cache,0
cache,0
cache,0
cache,0
cache,0
cache,0
cache,0
cache,0
cache,0
cache,0
cache,0
cache,0
cache,0
cache,0
cache,0
cache,0
cache,0
cache,0
cache,0
cache,0
cache,0
cache,0
cache,0
cache,0
cache,0
cache,0
cache,0
cache,0
cache,0
cache,0
cache,0
cache,0
cache,0
cache,0
cache,0
cache,0
cache,0
cache,0
cache,0
cache,0
cache,0
cache,0
cache,0
cache,0
cache,0
cache,0
cache,0
cache,0
cache,0
cache,0
cache,0
cache,0
cache,0
cache,0
cache,0
cache,0
cache,0
cache,0
cache,0
cache,0
cache,0
cache,0
cache,0
cache,0
cache,0
cache,0
cache,0
cache,0
cache,0
cache,0
cache,0
cache,0
cache,0
cache,0
cache,0
cache,0
cache,0
cache,0
cache,0
cache,0
cache,0
cache,0
cache,0
cache,0
cache,0
cache,0
cache,0
cache,0
cache,0
cache,0
cache,0
cache,0
cache,0
cache,0
cache,0
cache,0
cache,0
cache,0
cache,0
cache,0
cache,0
cache,0
cache,0
cache,0
cache,0
cache,0
cache,0
cache,0
cache,0
cache,0
cache,0
cache,0
cache,0
cache,0
cache,0
cache,0
cache,0
cache,0
cache,0
cache,0
cache,0
cache,0
cache,0
cache,0
cache,0
cache,0
cache,0
cache,0
cache,0
cache,0
cache,0
cache,0
cache,0
cache,0
cache,0
cache,0
cache,0
cache,0
cache,0
cache,0
cache,0
cache,0
cache,0
cache,0
cache,0
cache,0
cache,0
cache,0
cache,0
cache,0
cache,0
cache,0
cache,0
cache,0
cache,0
cache,0
cache,0
cache,0
cache,0
cache,0
cache,0
cache,0
cache,0
cache,0
cache,0
cache,0
cache,0
cache,0
cache,0
cache,0
cache,0
cache,0
cache,0
cache,0
cache,0
cache,0
cache,0
cache,0
cache,0
cache,0
cache,0
cache,0
cache,0
cache,0
cache,0
cache,0
cache,0
cache,0
cache,0
cache,0
cache,0
cache,0
cache,0
cache,0
cache,0
cache,0
cache,0
cache,0
cache,0
cache,0
cache,0
cache,0
cache,0
cache,0
cache,0
cache,0
cache,0
cache,0
cache,0
cache,0
cache,0
cache,0
cache,0
cache,0
cache,0
cache,0
cache,0
cache,0
cache,0
cache,0
cache,0
cache,0
cache,0
cache,0
cache,0
cache,0
cache,0
cache,0
cache,0
cache,0
cache,0
cache,0
cache,0
cache,0
cache,0
cache,0
cache,0
cache,0
cache,0
cache,0
cache,0
cache,0
cache,0
cache,0
cache,0
cache,0
cache,0
cache,0
cache,0
cache,0
cache,0
cache,0
cache,0
cache,0
cache,0
cache,0
cache,0
cache,0
cache,0
cache,0
cache,0
cache,0
cache,0
cache,0
cache,0
cache,0
cache,0
cache,0
cache,0
cache,0
cache,0
cache,0
cache,0
cache,0
cache,0
cache,0
cache,0
cache,0
cache,0
cache,0
cache,0
cache,0
cache,0
cache,0
cache,0
cache,0
cache,0
cache,0
cache,0
cache,0
cache,0
cache,0
cache,0
cache,0
cache,0
cache,0
cache,0
cache,0
cache,0
cache,0
cache,0
cache,0
cache,0
cache,0
cache,0
cache,0
cache,0
cache,0
cache,0
cache,0
cache,0
cache,0
cache,0
cache,0
cache,0
cache,0
cache,0
cache,0
cache,0
cache,0
cache,0
cache,0
cache,0
cache,0
cache,0
cache,0
cache,0
cache,0
cache,0
cache,0
cache,0
cache,0
cache,0
cache,0
cache,0
cache,0
cache,0
cache,0
cache,0
cache,0
cache,0
cache,0
cache,0
cache,0
cache,0
cache,0
cache,0
cache,0
cache,0
cache,0
cache,0
cache,0
cache,0
cache,0
cache,0
cache,0
cache,0
cache,0
cache,0
cache,0
cache,0
cache,0
cache,0
cache,0
cache,0
cache,0
cache,0
cache,0
cache,0
cache,0
cache,0
cache,0
cache,0
cache,0
cache,0
cache,0
cache,0
cache,0
cache,0
cache,0
cache,0
cache,0
cache,0
cache,0
cache,0
cache,0
cache,0
cache,0
cache,0
cache,0
cache,0
cache,0
cache,0
cache,0
cache,0
cache,0
cache,0
cache,0
cache,0
cache,0
cache,0
cache,0
cache,0
cache,0
cache,0
cache,0
cache,0
cache,0
cache,0
cache,0
cache,0
cache,0
cache,0
cache,0
cache,0
cache,0
cache,0
cache,0
cache,0
cache,0
cache,0
cache,0
cache,0
cache,0
cache,0
cache,0
cache,0
cache,0
cache,0
cache,0
cache,0
cache,0
cache,0
cache,0
cache,0
cache,0
cache,0
cache,0
cache,0
cache,0
cache,0
cache,0
cache,0
cache,0
cache,0
cache,0
cache,0
cache,0
cache,0
cache,0
cache,0
cache,0
cache,0
cache,0
cache,0
cache,0
cache,0
cache,0
cache,0
cache,0
cache,0
cache,0
cache,0
cache,0
cache,0
cache,0
cache,0
cache,0
cache,0
cache,0
cache,0
cache,0
cache,0
cache,0
cache,0
cache,0
cache,0
cache,0
cache,0
cache,0
cache,0
cache,0
cache,0
cache,0
cache,0
cache,0
cache,0
cache,0
cache,0
cache,0
cache,0
cache,0
cache,0
cache,0
cache,0
cache,0
cache,0
cache,0
cache,0
cache,0
cache,0
cache,0
cache,0
cache,0
cache,0
cache,0
cache,0
cache,0
cache,0
cache,0
cache,0
cache,0
cache,0
cache,0
cache,0
cache,0
cache,0
cache,0
cache,0
cache,0
cache,0
cache,0
cache,0
cache,0
cache,0
cache,0
cache,0
cache,0
cache,0
cache,0
cache,0
cache,0
cache,0
cache,0
cache,0
cache,0
cache,0
cache,0
cache,0
cache,0
cache,0
cache,0
cache,0
cache,0
cache,0
cache,0
cache,0
cache,0
cache,0
cache,0
cache,0
cache,0
cache,0
cache,0
cache,0
cache,0
cache,0
cache,0
cache,0
cache,0
cache,0
cache,0
cache,0
cache,0
cache,0
cache,0
cache,0
cache,0
cache,0
cache,0
cache,0
cache,0
cache,0
cache,0
cache,0
cache,0
cache,0
cache,0
cache,0
cache,0
cache,0
cache,0
cache,0
cache,0
cache,0
cache,0
cache,0
cache,0
cache,0
cache,0
cache,0
cache,0
cache,0
cache,0
cache,0
cache,0
cache,0
cache,0
cache,0
cache,0
cache,0
cache,0
cache,0
cache,0
cache,0
cache,0
cache,0
cache,0
cache,0
cache,0
cache,0
cache,0
cache,0
cache,0
cache,0
cache,0
cache,0
cache,0
cache,0
cache,0
cache,0
cache,0
cache,0
cache,0
cache,0
cache,0
cache,0
cache,0
cache,0
cache,0
cache,0
cache,0
cache,0
cache,0
cache,0
cache,0
cache,0
cache,0
cache,0
cache,0
cache,0
cache,0
cache,0
cache,0
cache,0
cache,0
cache,0
cache,0
cache,0
cache,0
cache,0
cache,0
cache,0
cache,0
cache,0
cache,0
cache,0
cache,0
cache,0
cache,0
cache,0
cache,0
cache,0
cache,0
cache,0
cache,0
cache,0
cache,0
cache,0
cache,0
cache,0
cache,0
cache,0
cache,0
cache,0
cache,0
cache,0
cache,0
cache,0
cache,0
cache,0
cache,0
cache,0
cache,0
cache,0
cache,0
cache,0
cache,0
cache,0
cache,0
cache,0
cache,0
cache,0
cache,0
cache,0
cache,0
cache,0
cache,0
cache,0
cache,0
cache,0
cache,0
cache,0
cache,0
cache,0
cache,0
cache,0
cache,0
cache,0
cache,0
cache,0
cache,0
cache,0
cache,0
cache,0
cache,0
cache,0
cache,0
cache,0
cache,0
cache,0
cache,0
cache,0
cache,0
cache,0
cache,0
cache,0
cache,0
cache,0
cache,0
cache,0
cache,0
cache,0
cache,0
cache,0
cache,0
cache,0
cache,0
cache,0
cache,0
cache,0
cache,0
cache,0
cache,0
cache,0
cache,0
cache,0
cache,0
cache,0
cache,0
cache,0
cache,0
cache,0
cache,0
cache,0
cache,0
cache,0
cache,0
cache,0
cache,0
cache,0
cache,0
cache,0
cache,0
cache,0
cache,0
cache,0
cache,0
cache,0
cache,0
cache,0
cache,0
cache,0
cache,0
cache,0
cache,0
cache,0
cache,0
cache,0
cache,0
cache,0
cache,0
cache,0
cache,0
cache,0
cache,0
cache,0
cache,0
cache,0
cache,0
cache,0
cache,0
cache,0
cache,0
cache,0
cache,0
cache,0
cache,0
cache,0
cache,0
cache,0
cache,0
cache,0
cache,0
cache,0
cache,0
cache,0
cache,0
cache,0
cache,0
cache,0
cache,0
cache,0
cache,0
cache,0
cache,0
cache,0
cache,0
cache,0
cache,0
cache,0
cache,0
cache,0
cache,0
cache,0
cache,0
cache,0
cache,0
cache,0
cache,0
cache,0
cache,0
cache,0
cache,0
cache,0
cache,0
cache,0
cache,0
cache,0
cache,0
cache,0
cache,0
cache,0
cache,0
cache,0
cache,0
cache,0
cache,0
cache,0
cache,0
cache,0
cache,0
cache,0
cache,0
cache,0
cache,0
cache,0
cache,0
cache,0
cache,0
cache,0
cache,0
cache,0
cache,0
cache,0
cache,0
cache,0
cache,0
cache,0
cache,0
cache,0
cache,0
cache,0
cache,0
cache,0
cache,0
cache,0
cache,0
cache,0
cache,0
cache,0
cache,0
cache,0
cache,0
cache,0
cache,0
cache,0
cache,0
cache,0
cache,0
cache,0
cache,0
cache,0
cache,0
cache,0
cache,0
cache,0
cache,0
cache,0
cache,0
cache,0
cache,0
cache,0
cache,0
cache,0
cache,0
cache,0
cache,0
cache,0
cache,0
cache,0
cache,0
cache,0
cache,0
cache,0
cache,0
cache,0
cache,0
cache,0
cache,0
cache,0
cache,0
cache,0
cache,0
cache,0
cache,0
cache,0
cache,0
cache,0
cache,0
cache,0
cache,0
cache,0
cache,0
cache,0
cache,0
cache,0
cache,0
cache,0
cache,0
cache,0
cache,0
cache,0
cache,0
cache,0
cache,0
cache,0
cache,0
cache,0
cache,0
cache,0
cache,0
cache,0
cache,0
cache,0
cache,0
cache,0
cache,0
cache,0
cache,0
cache,0
cache,0
cache,0
cache,0
cache,0
cache,0
cache,0
cache,0
cache,0
cache,0
cache,0
cache,0
cache,0
cache,0
cache,0
cache,0
cache,0
cache,0
cache,0
cache,0
cache,0
cache,0
cache,0
cache,0
cache,0
cache,0
cache,0
cache,0
cache,0
cache,0
cache,0
cache,0
cache,0
cache,0
cache,0
cache,0
cache,0
cache,0
cache,0
cache,0
cache,0
cache,0
cache,0
cache,0
cache,0
cache,0
cache,0
cache,0
cache,0
cache,0
cache,0
cache,0
cache,0
cache,0
cache,0
cache,0
cache,0
cache,0
cache,0
cache,0
cache,0
cache,0
cache,0
cache,0
cache,0
cache,0
cache,0
cache,0
cache,0
cache,0
cache,0
cache,0
cache,0
cache,0
cache,0
cache,0
cache,0
cache,0
cache,0
cache,0
cache,0
cache,0
cache,0
cache,0
cache,0
cache,0
cache,0
cache,0
cache,0
cache,0
cache,0
cache,0
cache,0
cache,0
cache,0
cache,0
cache,0
cache,0
cache,0
cache,0
cache,0
cache,0
cache,0
cache,0
cache,0
cache,0
cache,0
cache,0
cache,0
cache,0
cache,0
cache,0
cache,0
cache,0
cache,0
cache,0
cache,0
cache,0
cache,0
cache,0
cache,0
cache,0
cache,0
cache,0
cache,0
cache,0
cache,0
cache,0
cache,0
cache,0
cache,0
cache,0
cache,0
cache,0
cache,0
cache,0
cache,0
cache,0
cache,0
cache,0
cache,0
cache,0
cache,0
cache,0
cache,0
cache,0
cache,0
cache,0
cache,0
cache,0
cache,0
cache,0
cache,0
cache,0
cache,0
cache,0
cache,0
cache,0
cache,0
cache,0
cache,0
cache,0
cache,0
cache,0
cache,0
cache,0
cache,0
cache,0
cache,0
cache,0
cache,0
cache,0
cache,0
cache,0
cache,0
cache,0
cache,0
cache,0
cache,0
cache,0
cache,0
cache,0
cache,0
cache,0
cache,0
cache,0
cache,0
cache,0
cache,0
cache,0
cache,0
cache,0
cache,0
cache,0
cache,0
cache,0
cache,0
cache,0
cache,0
cache,0
cache,0
cache,0
cache,0
cache,0
cache,0
cache,0
cache,0
cache,0
cache,0
cache,0
cache,0
cache,0
cache,0
cache,0
cache,0
cache,0
cache,0
cache,0
cache,0
cache,0
cache,0
cache,0
cache,0
cache,0
cache,0
cache,0
cache,0
cache,0
cache,0
cache,0
cache,0
cache,0
cache,0
cache,0
cache,0
cache,0
cache,0
cache,0
cache,0
cache,0
cache,0
cache,0
cache,0
cache,0
cache,0
cache,0
cache,0
cache,0
cache,0
cache,0
cache,0
cache,0
cache,0
cache,0
cache,0
cache,0
cache,0
cache,0
cache,0
cache,0
cache,0
cache,0
cache,0
cache,0
cache,0
cache,0
cache,0
cache,0
cache,0
cache,0
cache,0
cache,0
cache,0
cache,0
cache,0
cache,0
cache,0
cache,0
cache,0
cache,0
cache,0
cache,0
cache,0
cache,0
cache,0
cache,0
cache,0
cache,0
cache,0
cache,0
cache,0
cache,0
cache,0
cache,0
cache,0
cache,0
cache,0
cache,0
cache,0
cache,0
cache,0
cache,0
cache,0
cache,0
cache,0
cache,0
cache,0
cache,0
cache,0
cache,0
cache,0
cache,0
cache,0
cache,0
cache,0
cache,0
cache,0
cache,0
cache,0
cache,0
cache,0
cache,0
cache,0
cache,0
cache,0
cache,0
cache,0
cache,0
cache,0
cache,0
cache,0
cache,0
cache,0
cache,0
cache,0
cache,0
cache,0
cache,0
cache,0
cache,0
cache,0
cache,0
cache,0
cache,0
cache,0
cache,0
cache,0
cache,0
cache,0
cache,0
cache,0
cache,0
cache,0
cache,0
cache,0
cache,0
cache,0
cache,0
cache,0
cache,0
cache,0
cache,0
cache,0
cache,0
cache,0
cache,0
cache,0
cache,0
cache,0
cache,0
cache,0
cache,0
cache,0
cache,0
cache,0
cache,0
cache,0
cache,0
cache,0
cache,0
cache,0
cache,0
cache,0
cache,0
cache,0
cache,0
cache,0
cache,0
cache,0
cache,0
cache,0
cache,0
cache,0
cache,0
cache,0
cache,0
cache,0
cache,0
cache,0
cache,0
cache,0
cache,0
cache,0
cache,0
cache,0
cache,0
cache,0
cache,0
cache,0
cache,0
cache,0
cache,0
cache,0
cache,0
cache,0
cache,0
cache,0
cache,0
cache,0
cache,0
cache,0
cache,0
cache,0
cache,0
cache,0
cache,0
cache,0
cache,0
cache,0
cache,0
cache,0
cache,0
cache,0
cache,0
cache,0
cache,0
cache,0
cache,0
cache,0
cache,0
cache,0
cache,0
cache,0
cache,0
cache,0
cache,0
cache,0
cache,0
cache,0
cache,0
cache,0
cache,0
cache,0
cache,0
cache,0
cache,0
cache,0
cache,0
cache,0
cache,0
cache,0
cache,0
cache,0
cache,0
cache,0
cache,0
cache,0
cache,0
cache,0
cache,0
cache,0
cache,0
cache,0
cache,0
cache,0
cache,0
cache,0
cache,0
cache,0
cache,0
cache,0
cache,0
cache,0
cache,0
cache,0
cache,0
cache,0
cache,0
cache,0
cache,0
cache,0
cache,0
cache,0
cache,0
cache,0
cache,0
cache,0
cache,0
cache,0
cache,0
cache,0
cache,0
cache,0
cache,0
cache,0
cache,0
cache,0
cache,0
cache,0
cache,0
cache,0
cache,0
cache,0
cache,0
cache,0
cache,0
cache,0
cache,0
cache,0
cache,0
cache,0
cache,0
cache,0
cache,0
cache,0
cache,0
cache,0
cache,0
cache,0
cache,0
cache,0
cache,0
cache,0
cache,0
cache,0
cache,0
cache,0
cache,0
cache,0
cache,0
cache,0
cache,0
cache,0
cache,0
cache,0
cache,0
cache,0
cache,0
cache,0
cache,0
cache,0
cache,0
cache,0
cache,0
cache,0
cache,0
cache,0
cache,0
cache,0
cache,0
cache,0
cache,0
cache,0
cache,0
cache,0
cache,0
cache,0
cache,0
cache,0
cache,0
cache,0
cache,0
cache,0
cache,0
cache,0
cache,0
cache,0
cache,0
cache,0
cache,0
cache,0
cache,0
cache,0
cache,0
cache,0
cache,0
cache,0
cache,0
cache,0
cache,0
cache,0
cache,0
cache,0
cache,0
cache,0
cache,0
cache,0
cache,0
cache,0
cache,0
cache,0
cache,0
cache,0
cache,0
cache,0
cache,0
cache,0
cache,0
cache,0
cache,0
cache,0
cache,0
cache,0
cache,0
cache,0
cache,0
cache,0
cache,0
cache,0
cache,0
cache,0
cache,0
cache,0
cache,0
cache,0
cache,0
cache,0
cache,0
cache,0
cache,0
cache,0
cache,0
cache,0
cache,0
cache,0
cache,0
cache,0
cache,0
cache,0
cache,0
cache,0
cache,0
cache,0
cache,0
cache,0
cache,0
cache,0
cache,0
cache,0
cache,0
cache,0
cache,0
cache,0
cache,0
cache,0
cache,0
cache,0
cache,0
cache,0
cache,0
cache,0
cache,0
cache,0
cache,0
cache,0
cache,0
cache,0
cache,0
cache,0
cache,0
cache,0
cache,0
cache,0
cache,0
cache,0
cache,0
cache,0
cache,0
cache,0
cache,0
cache,0
cache,0
cache,0
cache,0
cache,0
cache,0
cache,0
cache,0
cache,0
cache,0
cache,0
cache,0
cache,0
cache,0
cache,0
cache,0
cache,0
cache,0
cache,0
cache,0
cache,0
cache,0
cache,0
cache,0
cache,0
cache,0
cache,0
cache,0
cache,0
cache,0
cache,0
cache,0
cache,0
cache,0
cache,0
cache,0
cache,0
cache,0
cache,0
cache,0
cache,0
cache,0
cache,0
cache,0
cache,0
cache,0
cache,0
cache,0
cache,0
cache,0
cache,0
cache,0
cache,0
cache,0
cache,0
cache,0
cache,0
cache,0
cache,0
cache,0
cache,0
cache,0
cache,0
cache,0
cache,0
cache,0
cache,0
cache,0
cache,0
cache,0
cache,0
cache,0
cache,0
cache,0
cache,0
cache,0
cache,0
cache,0
cache,0
cache,0
cache,0
cache,0
cache,0
cache,0
cache,0
cache,0
cache,0
cache,0
cache,0
cache,0
cache,0
cache,0
cache,0
cache,0
cache,0
cache,0
cache,0
cache,0
cache,0
cache,0
cache,0
cache,0
cache,0
cache,0
cache,0
cache,0
cache,0
cache,0
cache,0
cache,0
cache,0
cache,0
cache,0
cache,0
cache,0
cache,0
cache,0
cache,0
cache,0
cache,0
cache,0
cache,0
cache,0
cache,0
cache,0
cache,0
cache,0
cache,0
cache,0
cache,0
cache,0
cache,0
cache,0
cache,0
cache,0
cache,0
cache,0
cache,0
cache,0
cache,0
cache,0
cache,0
cache,0
cache,0
cache,0
llm,7918
llm,10165
llm,9528
llm,32818
llm,15381
cache,0
cache,0
cache,0
cache,0
cache,0
llm,17428
llm,17654
cache,0
cache,0
llm,1746
llm,10614
cache,0
cache,0
cache,0
llm,10558
cache,0
cache,0
cache,0
cache,0
cache,0
cache,0
cache,0
cache,0
cache,0
cache,0
cache,0
cache,0
cache,0
cache,0
cache,0
cache,0
cache,0
cache,0
cache,0
cache,0
cache,0
cache,0
cache,0
cache,0
cache,0
cache,0
cache,0
cache,0
cache,0
cache,0
cache,0
cache,0
cache,0
cache,0
cache,0
cache,0
cache,0
cache,0
cache,0
cache,0
cache,0
cache,0
cache,0
cache,0
cache,0
cache,0
cache,0
cache,0
cache,0
cache,0
cache,0
cache,0
cache,0
cache,0
cache,0
cache,0
cache,0
cache,0
cache,0
cache,0
cache,0
cache,0
cache,0
cache,0
cache,0
cache,0
cache,0
cache,0
cache,0
cache,0
cache,0
cache,0
cache,0
cache,0
cache,0
cache,0
cache,0
cache,0
cache,0
cache,0
cache,9
cache,0
cache,0
cache,0
cache,0
cache,0
cache,0
cache,0
cache,0
cache,0
cache,0
cache,0
cache,0
cache,0
cache,0
cache,0
cache,0
cache,0
cache,0
cache,0
cache,0
cache,0
cache,0
cache,0
cache,0
cache,0
cache,0
cache,0
cache,0
cache,0
cache,0
cache,0
cache,0
cache,0
cache,0
cache,0
cache,0
cache,0
cache,0
cache,0
cache,0
cache,0
cache,0
cache,0
cache,0
cache,0
cache,0
cache,0
cache,0
cache,0
cache,0
cache,0
cache,0
cache,0
cache,0
cache,0
cache,0
cache,0
cache,0
cache,0
cache,0
cache,0
cache,0
cache,0
cache,0
cache,0
cache,0
cache,0
cache,0
cache,0
cache,0
cache,0
cache,0
cache,0
cache,0
cache,0
cache,0
cache,0
cache,0
cache,0
cache,0
cache,0
cache,0
cache,0
cache,0
cache,0
cache,0
cache,0
cache,0
cache,0
cache,0
cache,0
cache,0
cache,0
cache,0
cache,0
cache,0
cache,0
cache,0
cache,0
cache,0
cache,0
cache,0
cache,0
cache,0
cache,0
cache,0
cache,0
cache,0
cache,0
cache,2
cache,0
cache,0
cache,0
cache,0
cache,0
cache,0
cache,0
cache,0
cache,0
cache,3
cache,0
cache,0
cache,0
cache,0
cache,0
cache,0
cache,0
cache,0
cache,0
cache,1
cache,0
cache,0
cache,0
cache,0
cache,0
cache,0
cache,0
cache,0
cache,0
cache,0
cache,0
cache,0
cache,0
cache,0
cache,0
cache,0
cache,0
cache,0
cache,0
cache,0
cache,0
cache,0
cache,0
cache,0
cache,0
cache,0
cache,0
cache,0
cache,0
cache,0
cache,1
cache,0
cache,0
cache,0
cache,0
cache,0
cache,0
cache,0
cache,0
cache,0
cache,0
cache,0
cache,0
cache,0
cache,0
cache,0
cache,0
cache,0
cache,0
cache,0
cache,0
cache,0
cache,0
cache,0
cache,0
cache,0
cache,0
cache,0
cache,0
cache,0
cache,0
cache,0
cache,0
cache,0
cache,0
cache,0
cache,0
cache,0
cache,0
cache,0
cache,0
cache,0
cache,0
cache,0
cache,0
cache,0
cache,0
cache,0
cache,0
cache,0
cache,0
cache,0
cache,0
cache,0
cache,0
cache,0
cache,0
cache,0
cache,0
cache,0
cache,0
cache,0
cache,0
cache,0
cache,0
cache,0
cache,0
cache,0
cache,0
cache,0
cache,0
cache,0
cache,0
cache,0
cache,0
cache,0
cache,0
cache,0
cache,0
cache,5
cache,0
cache,0
cache,0
cache,0
cache,0
cache,0
cache,0
cache,0
cache,0
cache,0
cache,0
cache,0
cache,0
cache,0
cache,0
cache,0
cache,0
cache,0
cache,0
cache,0
cache,0
cache,0
cache,0
cache,0
cache,0
cache,0
cache,0
cache,0
cache,0
cache,0
cache,0
cache,0
cache,0
cache,0
cache,0
cache,0
cache,0
cache,0
cache,0
cache,0
cache,0
cache,0
cache,0
cache,0
cache,0
cache,0
cache,0
cache,0
cache,0
cache,0
cache,0
cache,0
cache,0
cache,0
cache,0
cache,0
cache,0
cache,0
cache,0
cache,0
cache,0
cache,0
cache,0
cache,0
cache,0
cache,0
cache,0
cache,0
cache,0
cache,0
cache,0
cache,0
cache,0
cache,0
cache,0
cache,0
cache,0
cache,0
cache,0
cache,0
cache,0
cache,0
cache,0
cache,0
cache,0
cache,0
cache,0
cache,0
cache,0
cache,0
cache,0
cache,0
cache,0
cache,0
cache,0
cache,0
cache,0
cache,0
cache,0
cache,0
cache,0
cache,0
cache,0
cache,0
cache,0
cache,0
cache,0
cache,0
cache,0
llm,5219
llm,20230
llm,24119
cache,0
llm,16546
cache,0
cache,0
llm,1035
cache,0
cache,0
cache,0
cache,0
cache,0
cache,0
cache,0
llm,16027
cache,0
cache,0
cache,0
llm,3482
llm,15842
cache,0
cache,0
cache,0
llm,5379
cache,3
cache,0
cache,0
cache,0
cache,0
llm,34506
cache,0
cache,0
cache,0
cache,0
cache,0
cache,0
cache,0
cache,0
cache,0
cache,0
cache,0
cache,0
cache,0
cache,0
cache,0
cache,0
cache,0
cache,0
cache,0
cache,0
cache,0
cache,0
cache,0
cache,0
cache,0
cache,0
cache,0
cache,0
cache,0
cache,0
cache,0
cache,0
cache,0
cache,0
cache,0
cache,0
cache,0
cache,0
cache,0
cache,0
cache,0
cache,0
cache,0
cache,0
cache,0
cache,0
cache,0
cache,0
cache,0
cache,0
cache,0
cache,0
cache,0
cache,0
cache,0
cache,0
cache,0
cache,0
cache,0
cache,0
cache,0
cache,0
cache,0
cache,0
cache,0
cache,0
cache,0
cache,0
cache,0
cache,0
cache,0
cache,0
cache,0
cache,0
cache,0
cache,0
cache,0
cache,0
cache,0
cache,0
cache,0
cache,0
cache,0
cache,0
cache,0
cache,0
cache,0
cache,0
cache,0
cache,0
cache,0
cache,0
cache,0
cache,0
cache,0
cache,0
cache,0
cache,0
cache,0
cache,0
cache,0
cache,0
cache,0
